Hs-Nr.,Hochschulkurzname,Hochschulname,Hochschultyp,Trägerschaft,Bundesland,Anzahl Studierende,Gründungsjahr,Promotionsrecht,Habilitationsrecht,Straße,Postleitzahl (Hausanschrift),Ort (Hausanschrift),Postfach,Postleitzahl (Postanschrift),Ort (Postanschrift),Telefonvorwahl,Telefon,Fax,Home Page,Mitglied HRK
2,Aachen FH,Fachhochschule Aachen,Fachhochschulen / HAW,öffentlich-rechtlich,Nordrhein-Westfalen,14954,1971,Nein,Nein,Bayernallee 11,52066,Aachen,100560,52005,Aachen,241,6009-0,6009-51090,www.fh-aachen.de,1
1,Aachen TH,Rheinisch-Westfälische Technische Hochschule Aachen,Universitäten,öffentlich-rechtlich,Nordrhein-Westfalen,47362,1870,Ja,Ja,Templergraben 55,52062,Aachen,,52056,Aachen,241,80-1,80-92312,www.rwth-aachen.de,1
3,Aalen H,Hochschule Aalen - Technik und Wirtschaft,Fachhochschulen / HAW,öffentlich-rechtlich,Baden-Württemberg,6050,1962,Nein,Nein,Beethovenstraße 1,73430,Aalen,1728,73428,Aalen,7361,576-0,576-2250,www.hs-aalen.de,1
4,Albstadt-Sigmaringen H,Hochschule Albstadt-Sigmaringen,Fachhochschulen / HAW,öffentlich-rechtlich,Baden-Württemberg,3445,1971,Nein,Nein,Anton-Günther-Straße 51,72488,Sigmaringen,1254,72481,Sigmaringen,7571,732-0,732-8229,www.hs-albsig.de,1
349,Alfter HfK,Alanus Hochschule,Kunst- und Musikhochschulen,"privat, staatlich anerkannt",Nordrhein-Westfalen,1694,1973,Ja,Nein,Villestraße 3,53347,Alfter,,,,2222,9321-0,9321-21,www.alanus.edu/de/home,0
280,Amberg-Weiden OTH,Ostbayerische Technische Hochschule Amberg-Weiden,Fachhochschulen / HAW,öffentlich-rechtlich,Bayern,3490,1994,Nein,Nein,Kaiser-Wilhelm-Ring 23,92224,Amberg,1462,92204,Amberg,9621,482-0,482-4991,www.oth-aw.de/,1
5,Anhalt H,Hochschule Anhalt - Anhalt University of Applied Sciences,Fachhochschulen / HAW,öffentlich-rechtlich,Sachsen-Anhalt,6720,1991,Nein,Nein,Bernburger Straße 55,6366,Köthen,1458,6354,Köthen,3496,67-1000,67-1099,www.hs-anhalt.de,1
312,Ansbach H,Hochschule für angewandte Wissenschaften Ansbach,Fachhochschulen / HAW,öffentlich-rechtlich,Bayern,3542,1996,Nein,Nein,Residenzstraße 8,91522,Ansbach,1963,91510,Ansbach,981,4877-0,4877-188,www.hs-ansbach.de,1
333,Aschaffenburg TH,Technische Hochschule Aschaffenburg,Fachhochschulen / HAW,öffentlich-rechtlich,Bayern,3331,1995,Nein,Nein,Würzburger Straße 45,63743,Aschaffenburg,,,,6021,4206-0,4206-600,www.th-ab.de,1
7,Augsburg H,Hochschule für angewandte Wissenschaften Augsburg - University of Applied Sciences,Fachhochschulen / HAW,öffentlich-rechtlich,Bayern,6536,1710,Nein,Nein,An der Hochschule 1,86161,Augsburg,110605,86031,Augsburg,821,5586-0,5586-3222,www.hs-augsburg.de/,1
6,Augsburg U,Universität Augsburg,Universitäten,öffentlich-rechtlich,Bayern,20060,1970,Ja,Ja,Universitätsstraße 2,86159,Augsburg,,86135,Augsburg,821,598-0,598-5505,www.uni-augsburg.de,1
504,Baden-Württemberg HfPol (Verw),Hochschule für Polizei Baden-Württemberg,Verwaltungshochschule,öffentlich-rechtlich,Baden-Württemberg,1925,,Nein,Nein,Sturmbühlstraße 250,78054,Villingen-Schwenningen,,,,7720,3090,3093179,www.hfpol-bw.de/index.php/villingen-schwenningen,0
472,Baden-Württemberg HRecht (Verw),Hochschule für Rechtspflege Schwetzingen,Verwaltungshochschule,öffentlich-rechtlich,Baden-Württemberg,777,1953,Nein,Nein,Karlsruher Straße 2,68723,Schwetzingen,,,,6202,928900,,"www.fh-schwetzingen.de/pb/,Lde/Startseite",0
466,Baden-Württemberg HVerw/Finanzen(Verw),Hochschule für öffentliche Verwaltung und Finanzen Ludwigsburg,Verwaltungshochschule,öffentlich-rechtlich,Baden-Württemberg,2912,1999,Nein,Nein,Reuteallee 36,71634,Ludwigsburg,,,,7141,140-0,140-544,www.hs-ludwigsburg.de/,0
451,Baden-Württemberg HVerw (Verw),Hochschule für öffentliche Verwaltung Kehl,Verwaltungshochschule,öffentlich-rechtlich,Baden-Württemberg,1366,1971,Nein,Nein,Kinzigallee 1,77694,Kehl,,,,7851,894 121,894-5121,www.hs-kehl.de,0
354,Bad Homburg accadisFH,accadis Hochschule Bad Homburg,Fachhochschulen / HAW,"privat, staatlich anerkannt",Hessen,491,1980,Nein,Nein,SÜDCAMPUS Bad Homburg Am Weidenring 4,61352,Bad Homburg,,,,6172,9842-35,9842-20,www.accadis.com/contact.aspx,0
434,Bad Liebenzell IHL,Internationale Hochschule Liebenzell (IHL),Fachhochschulen / HAW,"privat, staatlich anerkannt",Baden-Württemberg,283,2011,Nein,Nein,Heinrich-Coerper-Weg 11,75378,Bad Liebenzell,1240,75375,Bad Liebenzell,7052,17299,17304,www.ihl.eu,0
8,Bamberg U,Otto-Friedrich-Universität Bamberg,Universitäten,öffentlich-rechtlich,Bayern,12435,1647,Ja,Ja,Kapuzinerstr. 25,96047,Bamberg,,96045,Bamberg,951,863-1050,863-1172,www.uni-bamberg.de/,1
480,Bayern HVerw (Verw),Hochschule für den öffentlichen Dienst in Bayern,Verwaltungshochschule,öffentlich-rechtlich,Bayern,5600,,Nein,Nein,Wagmüllerstraße 20,80538,München,,,,89,1426750,24267516,www.fhvr.bayern.de/,0
339,Bayreuth HfKiM,Hochschule für evangelische Kirchenmusik der Evangelisch-Lutherischen Kirche in Bayern,Kunst- und Musikhochschulen,"kirchlich, staatlich anerkannt",Bayern,31,2000,Nein,Nein,Wilhelminenstraße 9,95444,Bayreuth,,,,921,75934-17,7593436,www.hfk-bayreuth.de,0
9,Bayreuth U,Universität Bayreuth,Universitäten,öffentlich-rechtlich,Bayern,13166,1972,Ja,Ja,Universitätsstraße 30,95447,Bayreuth,,95440,Bayreuth,921,55-0,55-5290,www.uni-bayreuth.de,1
431,Berlin Akkon,Akkon-Hochschule,Fachhochschulen / HAW,"privat, staatlich anerkannt",Berlin,934,2009,Nein,Nein,Colditzstraße 34-36,12099,Berlin,,,,30,8092332-0,8092332-30,www.akkon-hochschule.de,0
18,Berlin ASH,Alice Salomon Hochschule Berlin,Fachhochschulen / HAW,öffentlich-rechtlich,Berlin,4248,1971,Nein,Nein,Alice-Salomon-Platz 5,12627,Berlin,,,,30,99245-125,99245-245,www.ash-berlin.eu,1
389,Berlin bbw,bbw Hochschule,Fachhochschulen / HAW,"privat, staatlich anerkannt",Berlin,1242,2007,Nein,Nein,Leibnizstraße 11-13,10625,Berlin,,,,30,3199095-0,3199095-55,www.bbw-hochschule.de,0
437,Berlin BC,"Bard College Berlin, A Liberal Arts University",Universitäten,"privat, staatlich anerkannt",Berlin,243,1999,Nein,Nein,Platanenstrasse 24,13156,Berlin,,,,30,43733-0,43733-100,www.berlin.bard.edu,0
15,Berlin BHT,Beuth Hochschule für Technik Berlin,Fachhochschulen / HAW,öffentlich-rechtlich,Berlin,13155,1971,Nein,Nein,Luxemburger Str. 10,13353,Berlin,,,,30,4504-0,4504-2389,www.beuth-hochschule.de,1
462,Berlin BIU,Berlin International University of Applied Sciences,Fachhochschulen / HAW,"privat, staatlich anerkannt",Berlin,433,2014,Nein,Nein,Salzufer 6,10587,Berlin,,,,30,81058080,,www.berlin-international.de/,0
502,Berlin BSA,Barenboim-Said Akademie,Kunst- und Musikhochschulen,"privat, staatlich anerkannt",Berlin,74,2016,Nein,Nein,Französische Straße 33D,10117,Berlin,,,,30,2096717-00,2096717-29,www.barenboimsaid.de,0
415,Berlin BSB,BSP Business School Berlin - Hochschule für Management GmbH,Fachhochschulen / HAW,"privat, staatlich anerkannt",Berlin,1406,2009,Nein,Nein,Calandrellistraße 1-9,12247,Berlin,,,,30,7668375 100,7668375 119,www.businessschool-berlin.de/,0
506,Berlin CODE,CODE University of Applied Sciences,Fachhochschulen / HAW,"privat, staatlich anerkannt",Berlin,512,2017,Nein,Nein,Lohmühlenstr. 65,12435,Berlin,,,,30,12085961,,www.code.berlin/de/,0
516,Berlin DBU,Digital Business University of Applied Sciences,Fachhochschulen / HAW,"privat, staatlich anerkannt",Berlin,77,2018,Nein,Nein,Oranienstr. 185,10999,Berlin,,,,30,4036714444,,www.dbuas.de,0
404,Berlin DEKRA,DEKRA Hochschule für Medien,Fachhochschulen / HAW,"privat, staatlich anerkannt",Berlin,12,2009,Nein,Nein,Ehrenbergstraße 11-14,10245,Berlin,,,,30,290080-200,290080-201,www.dekra-hochschule.de/kontakt,0
383,Berlin DHGS,DHGS Deutsche Hochschule für Gesundheit und Sport,Fachhochschulen / HAW,"privat, staatlich anerkannt",Berlin,1479,2007,Nein,Nein,Franklinstr. 28-29,10587,Berlin,,,,30,57797370,5779737999,www.dhgs-hochschule.de,0
14,Berlin ESCP,ESCP Europe Wirtschaftshochschule Berlin e.V.,Universitäten,"privat, staatlich anerkannt",Berlin,985,1819,Ja,Nein,Heubnerweg 8-10,14059,Berlin,,,,30,320 07 0,,www.escp.eu,0
396,Berlin ESMT,ESMT European School of Management and Technology,Universitäten,"privat, staatlich anerkannt",Berlin,484,2002,Ja,Nein,Schlossplatz 1,10178,Berlin,,,,30,212310,212319,www.esmt.org/en/home,0
19,Berlin EvH,Evangelische Hochschule Berlin,Fachhochschulen / HAW,"kirchlich, staatlich anerkannt",Berlin,1669,1904,Nein,Nein,Teltower Damm 118-122,14167,Berlin,37 02 55,14132,Berlin,30,84582-0,84582-450,www.eh-berlin.de,1
373,Berlin FHTouro,Touro College Berlin,Fachhochschulen / HAW,"privat, staatlich anerkannt",Berlin,123,2003,Nein,Nein,Am Rupenhorn 5,14055,Berlin,,,,30,300686-0,300686-39,www.touroberlin.de,0
11,Berlin FU,Freie Universität Berlin,Universitäten,öffentlich-rechtlich,Berlin,36910,1948,Ja,Ja,Kaiserswerther Str. 16-18,14195,Berlin,,,,30,838-1,838-73167,www.fu-berlin.de,1
458,Berlin HaP,Hochschule für angewandte Pädagogik,Fachhochschulen / HAW,"privat, staatlich anerkannt",Berlin,337,2013,Nein,Nein,Ostendstraße 1,12459,Berlin,,,,30,20 60 89-0,20 60 89-22,www.hsap.de,0
384,Berlin Hertie,Hertie School,Universitäten,"privat, staatlich anerkannt",Berlin,670,2003,Ja,Nein,"Quartier 110, Friedrichstraße 180",10117,Berlin,,,,30,259 219-0,259 219-111,www.hertie-school.org/en/,0
21,Berlin HfM,Hochschule für Musik Hanns Eisler Berlin,Kunst- und Musikhochschulen,öffentlich-rechtlich,Berlin,583,1950,Nein,Nein,Charlottenstraße 55,10117,Berlin,,,,30,688305-700,688305-701,www.hfm-berlin.de,1
23,Berlin HfS,Hochschule für Schauspielkunst Ernst Busch,Kunst- und Musikhochschulen,öffentlich-rechtlich,Berlin,270,1905,Nein,Nein,Zinnowitzer Straße 11,10115,Berlin,,,,30,755417-0,755417-175,www.hfs-berlin.de,1
420,Berlin HMKW,"HMKW Hochschule für Medien, Kommunikation und Wirtschaft",Fachhochschulen / HAW,"privat, staatlich anerkannt",Berlin,2366,2008,Nein,Nein,Ackerstraße 76,13355,Berlin,,,,30,467769330,,www.hmkw.de,0
16,Berlin HTW,Hochschule für Technik und Wirtschaft Berlin,Fachhochschulen / HAW,öffentlich-rechtlich,Berlin,14326,1994,Nein,Nein,Treskowallee 8,10318,Berlin,,10313,Berlin,30,5019-0,030 5019-2100,www.htw-berlin.de,1
12,Berlin HU,Humboldt-Universität zu Berlin,Universitäten,öffentlich-rechtlich,Berlin,35442,1810,Ja,Ja,Unter den Linden 6,10117,Berlin,,10099,Berlin,30,2093-0,2093-2729,www.hu-berlin.de,1
17,Berlin HWR,Hochschule für Wirtschaft und Recht Berlin,Fachhochschulen / HAW,öffentlich-rechtlich,Berlin,11679,1971,Nein,Nein,Badensche Straße 52,10825,Berlin,,,,30,30877-0,,www.hwr-berlin.de,1
390,Berlin IB,IB Hochschule für Gesundheit und Soziales,Fachhochschulen / HAW,"privat, staatlich anerkannt",Berlin,818,2006,Nein,Nein,Breitenbachstraße 23,13509,Berlin,,,,30,2593092-20,,www.ib-hochschule.de,0
401,Berlin IPU,International Psychoanalytic University Berlin,Universitäten,"privat, staatlich anerkannt",Berlin,814,2009,Nein,Nein,Stromstr. 3b,10555,Berlin,,,,30,300117-500,300117-509,www.ipu-berlin.de,0
24,Berlin KHS,Katholische Hochschule für Sozialwesen Berlin (KHSB) - Staatlich anerkannte Fachhochschule für Sozialwesen,Fachhochschulen / HAW,"kirchlich, staatlich anerkannt",Berlin,1261,1991,Nein,Nein,Köpenicker Allee 39-57,10318,Berlin,,,,30,501010-0,501010-88,www.khsb-berlin.de,1
353,Berlin MDH,Mediadesign Hochschule für Design und Informatik,Fachhochschulen / HAW,"privat, staatlich anerkannt",Berlin,909,2004,Nein,Nein,Franklinstraße 28 - 29,10587,Berlin,,,,30,399 266 0,399 266 15,www.mediadesign.de,0
448,Berlin MSB,Medical School Berlin - Hochschule für Gesundheit und Medizin (MSB),Fachhochschulen / HAW,"privat, staatlich anerkannt",Berlin,1893,2012,Nein,Nein,Rüdesheimer Str. 50,12247,Berlin,,,,30,7668375-600,7668375619,www.medicalschool-berlin.de,0
441,Berlin PHB,Psychologische Hochschule Berlin (PHB),Universitäten,"privat, staatlich anerkannt",Berlin,512,2010,Nein,Nein,Am Köllnischen Park 2,10179,Berlin,,,,30,209166-201,030 209166 -17,www.psychologische-hochschule.de,0
456,Berlin Quadriga,Quadriga Hochschule Berlin,Fachhochschulen / HAW,"privat, staatlich anerkannt",Berlin,71,,Nein,Nein,Werderscher Markt 13,10117,Berlin,,,,30,44729400,44 72 93 00,www.quadriga-hochschule.com,0
330,Berlin SHB,Steinbeis-Hochschule Berlin,Universitäten,"privat, staatlich anerkannt",Berlin,7651,1998,Nein,Nein,Ernst-Augustin-Str. 15,12489,Berlin,,,,30,473914500,,www.steinbeis-hochschule.de/,0
345,Berlin SRH,SRH Berlin University of Applied Sciences,Fachhochschulen / HAW,"privat, staatlich anerkannt",Berlin,2461,2002,Nein,Nein,Ernst-Reuter-Platz 10,10587,Berlin,,,,30,374 374-0,374 374-375,www.srh-berlin.de/,0
13,Berlin TU,Technische Universität Berlin,Universitäten,öffentlich-rechtlich,Berlin,33425,1879,Ja,Ja,Straße des 17. Juni 135,10623,Berlin,,,,30,314-23922,314-23909,www.tu.berlin,1
20,Berlin UdK,Universität der Künste Berlin,Kunst- und Musikhochschulen,öffentlich-rechtlich,Berlin,4111,1699,Ja,Ja,Einsteinufer 43,10587,Berlin,12 05 44,10595,Berlin,30,3185-0,3185-2659,www.udk-berlin.de,1
442,Berlin VICTORIA,VICTORIA | Internationale Hochschule,Fachhochschulen / HAW,"privat, staatlich anerkannt",Berlin,647,2011,Nein,Nein,Bernburger Straße 24-25,10963,Berlin,,,,30,206176-70,206176-71,www.victoria-hochschule.de/,0
22,Berlin-Weißensee KHB,weißensee kunsthochschule berlin,Kunst- und Musikhochschulen,öffentlich-rechtlich,Berlin,891,1946,Nein,Nein,Bühringstraße 20,13086,Berlin,,,,30,47705-0,47705-290,www.kh-berlin.de,1
468,Bernkastel-Kues CH,Cusanus Hochschule für Gesellschaftsgestaltung,Hochschulen eigenen Typs,"privat, staatlich anerkannt",Rheinland-Pfalz,119,2015,Nein,Nein,Bahnhofstraße 5,54470,Bernkastel-Kues,1146,54461,Bernkastel-Kues,6531,9724257,9724258,www.cusanus-hochschule.de,0
26,Biberach H,"Hochschule Biberach - Hochschule für Architektur und Bauwesen, Betriebswirtschaft und Biotechnologie",Fachhochschulen / HAW,öffentlich-rechtlich,Baden-Württemberg,2456,1964,Nein,Nein,Karlstraße 11,88400,Biberach,1260,88382,Biberach,7351,582-0,582-119,www.hochschule-biberach.de,1
28,Bielefeld FH,Fachhochschule Bielefeld,Fachhochschulen / HAW,öffentlich-rechtlich,Nordrhein-Westfalen,10976,1971,Nein,Nein,Interaktion 1,33619,Bielefeld,101113,33511,Bielefeld,521,106-01,106-7790,www.fh-bielefeld.de,1
375,Bielefeld FHDiakonie,Fachhochschule der Diakonie - Diaconia - University of Applied Sciences,Fachhochschulen / HAW,"kirchlich, staatlich anerkannt",Nordrhein-Westfalen,830,2006,Nein,Nein,Bethelweg 8,33617,Bielefeld,,,,521,144-2700,144-3032,www.fh-diakonie.de,0
331,Bielefeld FHM,Fachhochschule des Mittelstands (FHM),Fachhochschulen / HAW,"privat, staatlich anerkannt",Nordrhein-Westfalen,3541,2000,Nein,Nein,Ravensberger Straße 10 G,33602,Bielefeld,,,,521,9 66 55 10,9 66 55 11,www.fh-mittelstand.de/profil,0
27,Bielefeld U,Universität Bielefeld,Universitäten,öffentlich-rechtlich,Nordrhein-Westfalen,25079,1969,Ja,Ja,Universitätsstraße 25,33615,Bielefeld,10 01 31,33501,Bielefeld,521,106-00,106-5844,www.uni-bielefeld.de/,1
304,Bingen TH,Technische Hochschule Bingen,Fachhochschulen / HAW,öffentlich-rechtlich,Rheinland-Pfalz,2547,1897,Nein,Nein,Berlinstraße 109,55411,Bingen,,,,6721,409-0,409-100,www.th-bingen.de,1
397,Bochum EBZ,EBZ Business School - University of Applied Sciences,Fachhochschulen / HAW,"privat, staatlich anerkannt",Nordrhein-Westfalen,1163,2008,Nein,Nein,Springorumallee 20,44795,Bochum,,,,234,9447-100,9447-199,www.ebz-business-school.de/,0
30,Bochum H,Hochschule Bochum - University of Applied Sciences,Fachhochschulen / HAW,öffentlich-rechtlich,Nordrhein-Westfalen,8483,1971,Nein,Nein,Am Hochschulcampus 1,44801,Bochum,100741,44707,Bochum,234,32-202,32-14780,www.hochschule-bochum.de,1
423,Bochum HGesundheit,Hochschule für Gesundheit - University of Applied Sciences,Fachhochschulen / HAW,öffentlich-rechtlich,Nordrhein-Westfalen,1714,2009,Nein,Nein,Gesundheitscampus 6-8,44801,Bochum,,,,234,777270,77727299,www.hs-gesundheit.de,1
231,Bochum Rheinland-Westfalen-Lippe EvH,Evangelische Hochschule Rheinland-Westfalen-Lippe,Fachhochschulen / HAW,"kirchlich, staatlich anerkannt",Nordrhein-Westfalen,2603,1971,Nein,Nein,Immanuel-Kant-Straße 18-20,44803,Bochum,,,,234,36901-0,36901-100,www.evh-bochum.de,1
31,Bochum TH,Technische Hochschule Georg Agricola,Fachhochschulen / HAW,"privat, staatlich anerkannt",Nordrhein-Westfalen,2413,1816,Nein,Nein,Herner Straße 45,44787,Bochum,102749,44782,Bochum,234,968-02,968-3417,www.thga.de,1
29,Bochum U,Ruhr-Universität Bochum,Universitäten,öffentlich-rechtlich,Nordrhein-Westfalen,42764,1962,Ja,Ja,Universitätsstraße 150,44801,Bochum,,44780,Bochum,234,32-22830,32-14131,www.ruhr-uni-bochum.de,1
352,Bonn HFinMan,Hochschule für Finanzwirtschaft & Management GmbH,Fachhochschulen / HAW,"privat, staatlich anerkannt",Nordrhein-Westfalen,840,2003,Nein,Nein,Simrockstraße 4,53113,Bonn,,,,228,204-9901,204-9903,www.s-hochschule.de,0
294,Bonn-Rhein-Sieg H,"Hochschule Bonn-Rhein-Sieg, University of Applied Sciences",Fachhochschulen / HAW,öffentlich-rechtlich,Nordrhein-Westfalen,9415,1995,Nein,Nein,Grantham-Allee 20,53757,Sankt Augustin,,53757,Sankt Augustin,2241,865-0,865-609,www.h-brs.de,1
32,Bonn U,Rheinische Friedrich-Wilhelms-Universität Bonn,Universitäten,öffentlich-rechtlich,Nordrhein-Westfalen,38079,1818,Ja,Ja,Regina-Pacis-Weg 3,53113,Bonn,,53012,Bonn,228,73-0,,www.uni-bonn.de,1
471,Brandenburg FHFinanz (Verw),Fachhochschule für Finanzen Brandenburg,Verwaltungshochschule,öffentlich-rechtlich,Brandenburg,822,1991,Nein,Nein,Schillerstraße 6,15711,Königs Wusterhausen,,,,3375,6720,672300,www.fhf.brandenburg.de,0
473,Brandenburg FHPol (Verw),Fachhochschule der Polizei Brandenburg,Verwaltungshochschule,öffentlich-rechtlich,Brandenburg,765,1998,Nein,Nein,Bernauer Str. 146,16515,Oranienburg,,,,3301,850-01,850-2149,www.hpolbb.de,0
34,Brandenburg TH,Technische Hochschule Brandenburg,Fachhochschulen / HAW,öffentlich-rechtlich,Brandenburg,2756,1992,Nein,Nein,Magdeburger Straße 50,14770,Brandenburg,21 32,14737,Brandenburg,3381,355-0,355-199,www.th-brandenburg.de,1
37,Braunschweig HBK,Hochschule für Bildende Künste Braunschweig,Kunst- und Musikhochschulen,öffentlich-rechtlich,Niedersachsen,1027,1963,Ja,Ja,Johannes-Selenka-Platz 1,38118,Braunschweig,2538,38015,Braunschweig,531,391-9122,391-9307,www.hbk-bs.de,1
35,Braunschweig TU,Technische Universität Carolo-Wilhelmina zu Braunschweig,Universitäten,öffentlich-rechtlich,Niedersachsen,18566,1745,Ja,Ja,Universitätsplatz 2,38106,Braunschweig,33 29,38023,Braunschweig,531,391-0,391-4577,www.tu-braunschweig.de,1
361,Bremen FernFH,APOLLON Hochschule der Gesundheitswirtschaft,Fachhochschulen / HAW,"privat, staatlich anerkannt",Bremen,3350,2005,Nein,Nein,Universitätsallee 18,28359,Bremen,,,,421,0180-2020369,378266-190,www.apollon-hochschule.de/redirect.php?id=32,0
40,Bremen H,Hochschule Bremen,Fachhochschulen / HAW,öffentlich-rechtlich,Bremen,8611,1982,Nein,Nein,Neustadtwall 30,28199,Bremen,,,,421,5905-0,5905-2292,www.hs-bremen.de,1
39,Bremen HfK,Hochschule für Künste Bremen,Kunst- und Musikhochschulen,öffentlich-rechtlich,Bremen,982,1873,Nein,Nein,Am Speicher XI 8,28217,Bremen,,,,421,9595-1000,9595-2000,www.hfk-bremen.de,1
327,Bremen JU,Jacobs University Bremen,Universitäten,"privat, staatlich anerkannt",Bremen,1559,1999,Ja,Nein,Campus Ring 1,28759,Bremen,,,,421,200-4200,200-4113,www.jacobs-university.de/,1
38,Bremen U,Universität Bremen,Universitäten,öffentlich-rechtlich,Bremen,18101,1971,Ja,Ja,Bibliothekstraße 1,28359,Bremen,33 04 40,28334,Bremen,421,218-1,218-4259,www.uni-bremen.de,1
470,Bremen VerwH (Verw),Hochschule für Öffentliche Verwaltung Bremen,Verwaltungshochschule,öffentlich-rechtlich,Bremen,588,1979,Nein,Nein,Doventorscontrescarpe 172c,28195,Bremen,,,,421,3615206,36159906,www.hfoev.bremen.de,0
41,Bremerhaven H,Hochschule Bremerhaven,Fachhochschulen / HAW,öffentlich-rechtlich,Bremen,2864,1975,Nein,Nein,An der Karlstadt 8,27568,Bremerhaven,,,,471,4823-0,4823-555,www.hs-bremerhaven.de,1
344,Brühl EUFH,"Europäische Fachhochschule Rhein/Erft, european university of applied sciences",Fachhochschulen / HAW,"privat, staatlich anerkannt",Nordrhein-Westfalen,2619,2001,Nein,Nein,Kaiserstraße 6,50321,Brühl,,,,2232,5673-0,5673-229,www.eufh.de,0
469,Brühl HSBund (Verw),Hochschule des Bundes für öffentliche Verwaltung,Verwaltungshochschule,öffentlich-rechtlich,Nordrhein-Westfalen,8108,1978,Nein,Nein,Willy-Brandt-Straße 1,50321,Brühl,1660,50306,Brühl,228,99629-0,99629-5100,www.hsbund.de/DE/00_Home/home-node.html,0
363,Buxtehude FH,hochschule 21,Fachhochschulen / HAW,"privat, staatlich anerkannt",Niedersachsen,1065,2005,Nein,Nein,Harburger Straße 6,21614,Buxtehude,,,,4161,648-0,648-123,www.hs21.de,0
42,Chemnitz TU,Technische Universität Chemnitz,Universitäten,öffentlich-rechtlich,Sachsen,9817,1836,Ja,Ja,Straße der Nationen 62,9111,Chemnitz,,9107,Chemnitz,371,531-0,531-1342,www.tu-chemnitz.de,1
43,Clausthal TU,Technische Universität Clausthal,Universitäten,öffentlich-rechtlich,Niedersachsen,3697,1775,Ja,Ja,Adolph-Roemer-Straße 2 A,38678,Clausthal-Zellerfeld,12 53,38670,Clausthal-Zellerfeld,5323,72-0,72-3500,www.tu-clausthal.de,1
44,Coburg H,Hochschule für angewandte Wissenschaften Coburg,Fachhochschulen / HAW,öffentlich-rechtlich,Bayern,5294,1814,Nein,Nein,Friedrich-Streib-Straße 2,96450,Coburg,1652,96406,Coburg,9561,317-0,317-275,www.hs-coburg.de,1
45,Cottbus-Senftenberg TU,Brandenburgische Technische Universität Cottbus-Senftenberg,Universitäten,öffentlich-rechtlich,Brandenburg,6425,2013,Ja,Ja,Platz der Dt. Einheit 1,3046,Cottbus,10 13 44,3013,Cottbus,355,69-0,69-2768,www.b-tu.de,1
48,Darmstadt EvH,Evangelische Hochschule Darmstadt (staatlich anerkannt) – Kirchliche Körperschaft des öffentlichen Rechts,Fachhochschulen / HAW,"kirchlich, staatlich anerkannt",Hessen,1549,1971,Nein,Nein,Zweifalltorweg 12,64293,Darmstadt,,,,6151,8798-0,8798-58,www.eh-darmstadt.de,1
317,Darmstadt FernH,Wilhelm Büchner Hochschule - Private Fernhochschule Darmstadt,Fachhochschulen / HAW,"privat, staatlich anerkannt",Hessen,5429,1997,Nein,Nein,Hilpertstr. 31,64295,Darmstadt,10 01 64,64201,Darmstadt,6151,3842-404,3842-401,www.wb-fernstudium.de,0
47,Darmstadt H,Hochschule Darmstadt,Fachhochschulen / HAW,öffentlich-rechtlich,Hessen,16645,1876,Ja,Nein,Schöfferstraße 3,64295,Darmstadt,,,,6151,16-02,16-8949,www.h-da.de/,1
46,Darmstadt TU,Technische Universität Darmstadt,Universitäten,öffentlich-rechtlich,Hessen,25153,1877,Ja,Ja,Karolinenplatz 5,64289,Darmstadt,,64277,Darmstadt,6151,16-01,16-25082,www.tu-darmstadt.de,1
284,Deggendorf TH,Technische Hochschule Deggendorf,Fachhochschulen / HAW,öffentlich-rechtlich,Bayern,7799,1994,Nein,Nein,Dieter-Görlitz-Platz 1,94469,Deggendorf,1320,94453,Deggendorf,991,3615-0,3615-297,www.th-deg.de,1
49,Detmold HfM,Hochschule für Musik Detmold,Kunst- und Musikhochschulen,öffentlich-rechtlich,Nordrhein-Westfalen,689,1946,Ja,Nein,Neustadt 22,32756,Detmold,,,,5231,975-5,975-972,www.hfm-detmold.de/,1
52,Dortmund FH,Fachhochschule Dortmund,Fachhochschulen / HAW,öffentlich-rechtlich,Nordrhein-Westfalen,15070,1890,Nein,Nein,Sonnenstraße 96,44139,Dortmund,10 50 18,44047,Dortmund,231,9112-0,9112-9313,www.fh-dortmund.de,1
285,Dortmund ISM,International School of Management,Fachhochschulen / HAW,"privat, staatlich anerkannt",Nordrhein-Westfalen,3707,1990,Nein,Nein,Otto-Hahn-Straße 19,44227,Dortmund,,,,231,975139-0,975139-39,www.ism.de,0
51,Dortmund TU,Technische Universität Dortmund,Universitäten,öffentlich-rechtlich,Nordrhein-Westfalen,33272,1968,Ja,Ja,August-Schmidt-Straße 4,44227,Dortmund,,44221,Dortmund,231,755-1,755-5150,www.tu-dortmund.de,1
394,Dresden DIU,DIU - Dresden International University GmbH,Universitäten,"privat, staatlich anerkannt",Sachsen,1765,2003,Nein,Nein,Freiberger Straße 37,1067,Dresden,,,,351,40 470 00,40 470 110,www.di-uni.de,0
55,Dresden EvH,Evangelische Hochschule Dresden,Fachhochschulen / HAW,"kirchlich, staatlich anerkannt",Sachsen,858,1991,Nein,Nein,Dürerstraße 25,1307,Dresden,20 01 43,1191,Dresden,351,46902-0,46902-99,www.ehs-dresden.de,0
56,Dresden HfBK,Hochschule für Bildende Künste Dresden,Kunst- und Musikhochschulen,öffentlich-rechtlich,Sachsen,561,1764,Ja,Nein,Güntzstraße 34,1307,Dresden,160153,1287,Dresden,351,44020,4590025,www.hfbk-dresden.de,1
58,Dresden HfKiM,Hochschule für Kirchenmusik der Evangelisch-Lutherischen Landeskirche Sachsens,Kunst- und Musikhochschulen,"kirchlich, staatlich anerkannt",Sachsen,37,1949,Nein,Nein,Käthe Kollwitz Ufer 97,1309,Dresden,,,,351,31864-0,31864-22,www.kirchenmusik-dresden.de,0
57,Dresden HfM,Hochschule für Musik Carl Maria von Weber Dresden,Kunst- und Musikhochschulen,öffentlich-rechtlich,Sachsen,737,1856,Ja,Nein,Wettiner Platz 13,1067,Dresden,12 00 39,1001,Dresden,351,4923-600,4923-657,www.hfmdd.de,1
324,Dresden HfTanz,Palucca Hochschule für Tanz Dresden,Kunst- und Musikhochschulen,öffentlich-rechtlich,Sachsen,183,1925,Nein,Nein,Basteiplatz 4,1277,Dresden,,,,351,25906-0,25906-11,www.palucca.eu,1
54,Dresden HTW,Hochschule für Technik und Wirtschaft Dresden - University of Applied Sciences,Fachhochschulen / HAW,öffentlich-rechtlich,Sachsen,4786,1992,Nein,Nein,Friedrich-List-Platz 1,1069,Dresden,120701,1008,Dresden,351,462-2215,,www.htw-dresden.de,1
428,Dresden PFH,Fachhochschule Dresden,Fachhochschulen / HAW,"privat, staatlich anerkannt",Sachsen,501,2010,Nein,Nein,Güntzstraße 1,1069,Dresden,,,,351,44 45 400,44 45 410,www.fh-dresden.eu,0
53,Dresden TU,Technische Universität Dresden,Universitäten,öffentlich-rechtlich,Sachsen,31132,1828,Ja,Ja,Mommsenstraße 11,1069,Dresden,,1062,Dresden,351,463-0,463-37284,www.tu-dresden.de,1
71,Duisburg-Essen U,Universität Duisburg-Essen,Universitäten,öffentlich-rechtlich,Nordrhein-Westfalen,42124,2003,Ja,Ja,Universitätsstraße 2,45141,Essen,,45117,Essen,201,183-1,183-2151,www.uni-duisburg-essen.de,1
433,Düsseldorf FliednerFH,Fliedner Fachhochschule Düsseldorf,Fachhochschulen / HAW,"privat, staatlich anerkannt",Nordrhein-Westfalen,1720,2011,Nein,Nein,Geschwister-Aufricht-Straße 9,40489,Düsseldorf,,,,211,409-3232,409-3233,www.fliedner-fachhochschule.de,0
60,Düsseldorf H,Hochschule Düsseldorf,Fachhochschulen / HAW,öffentlich-rechtlich,Nordrhein-Westfalen,11371,1971,Nein,Nein,Münsterstraße 156,40476,Düsseldorf,,,,211,4351 8602,4351 18600,www.hs-duesseldorf.de/hochschule/verwaltung/kommunikation,1
62,Düsseldorf HfM,Robert-Schumann-Hochschule Düsseldorf,Kunst- und Musikhochschulen,öffentlich-rechtlich,Nordrhein-Westfalen,982,1935,Ja,Nein,Fischerstraße 110,40476,Düsseldorf,,,,211,4918-0,4911618,www.rsh-duesseldorf.de,1
449,Düsseldorf IST,IST-Hochschule für Management,Fachhochschulen / HAW,"privat, staatlich anerkannt",Nordrhein-Westfalen,3464,,Nein,Nein,Erkrather Str. 220 a-c,40233,Düsseldorf,,,,211,86668-0,86668-30,www.ist-hochschule.de,0
61,Düsseldorf KuAk,Kunstakademie Düsseldorf,Kunst- und Musikhochschulen,öffentlich-rechtlich,Nordrhein-Westfalen,567,1814,Ja,Nein,Eiskellerstraße 1,40213,Düsseldorf,,,,211,1396-0,1396-225,www.kunstakademie-duesseldorf.de,1
59,Düsseldorf U,Heinrich-Heine-Universität Düsseldorf,Universitäten,öffentlich-rechtlich,Nordrhein-Westfalen,36070,1965,Ja,Ja,Universitätsstraße 1,40225,Düsseldorf,40204,,,211,81-11,342229,www.hhu.de,1
64,Eberswalde H,Hochschule für nachhaltige Entwicklung Eberswalde,Fachhochschulen / HAW,öffentlich-rechtlich,Brandenburg,2301,1830,Nein,Nein,Schicklerstr. 5,16225,Eberswalde,,,,3334,657-0,657-136,www.hnee.de,1
65,Eichstätt - Ingolstadt U,Katholische Universität Eichstätt - Ingolstadt,Universitäten,"kirchlich, staatlich anerkannt",Bayern,4814,1980,Ja,Ja,Ostenstraße 26,85072,Eichstätt,,85071,Eichstätt,8421,932- 33 00,,www.ku.de,1
220,Elmshorn FH Nordakademie,Nordakademie - Staatlich anerkannte private Fachhochschule mit dualen Studiengängen,Fachhochschulen / HAW,"privat, staatlich anerkannt",Schleswig-Holstein,2744,1992,Nein,Nein,Köllner Chaussee 11,25337,Elmshorn,,,,4121,4090-0,4090-40,www.nordakademie.de,0
407,Elstal ThH,Theologische Hochschule Elstal,Fachhochschulen / HAW,"kirchlich, staatlich anerkannt",Brandenburg,64,1880,Nein,Nein,Johann-Gerhard-Oncken-Straße 7,14641,Wustermark,,,,33234,74306,74309,www.th-elstal.de/,0
405,Emden/Leer H,Hochschule Emden/Leer,Fachhochschulen / HAW,öffentlich-rechtlich,Niedersachsen,4693,2009,Nein,Nein,Constantiaplatz 4,26723,Emden,,,,4921,807-0,807-1000,www.hs-emden-leer.de/,1
67,Erfurt FH,Fachhochschule Erfurt,Fachhochschulen / HAW,öffentlich-rechtlich,Thüringen,4052,1991,Nein,Nein,Altonaer Straße 25,99085,Erfurt,45 01 55,99051,Erfurt,361,6700-0,6700-703,www.fh-erfurt.de,1
329,Erfurt IU,IU Internationale Hochschule,Fachhochschulen / HAW,"privat, staatlich anerkannt",Thüringen,45812,1998,Nein,Nein,Juri-Gagarin-Ring 152,99084,Erfurt,,,,361,653120-10,653120-11,www.iu.de/,1
66,Erfurt U,Universität Erfurt,Universitäten,öffentlich-rechtlich,Thüringen,6240,1994,Ja,Ja,Nordhäuser Straße 63,99089,Erfurt,900221,99105,Erfurt,361,737-0,737-5029,www.uni-erfurt.de,1
70,Erlangen-Nürnberg U,Friedrich-Alexander-Universität Erlangen-Nürnberg,Universitäten,öffentlich-rechtlich,Bayern,38290,1743,Ja,Ja,Schlossplatz 4,91054,Erlangen,3520,91023,Erlangen,9131,85-0,85-22131,www.fau.de,1
286,Essen FOM,FOM Hochschule für Oekonomie & Management - University of Applied Sciences,Fachhochschulen / HAW,"privat, staatlich anerkannt",Nordrhein-Westfalen,56270,1993,Nein,Nein,Leimkugelstraße 6,45141,Essen,,,,201,81004-0,81004-180,www.fom.de,0
454,Essen HBK,Hochschule der bildenden Künste (HBK) Essen,Kunst- und Musikhochschulen,"privat, staatlich anerkannt",Nordrhein-Westfalen,194,2013,Nein,Nein,Prinz-Friedrich-Str. 28 A,45257,Essen,15 01 19,45241,Essen,201,95989800,95989801,www.hbk-essen.de,0
72,Essen UdK,Folkwang Universität der Künste,Kunst- und Musikhochschulen,öffentlich-rechtlich,Nordrhein-Westfalen,1727,1927,Ja,Nein,Klemensborn 39,45239,Essen,164428,45224,Essen,201,4903-0,4903-288,www.folkwang-uni.de,1
73,Esslingen H,Hochschule Esslingen,Fachhochschulen / HAW,öffentlich-rechtlich,Baden-Württemberg,6382,1868,Nein,Nein,Kanalstraße 33,73728,Esslingen,,,,711,397-49,397-3100,www.hs-esslingen.de,1
447,Ewersbach ThH,Theologisches Seminar Ewersbach,Fachhochschulen / HAW,"kirchlich, staatlich anerkannt",Hessen,63,1912,Nein,Nein,Jahnstraße 49-53,35716,Dietzhölztal,,,,2774,929-0,929-120,www.th-ewersbach.de,0
77,Flensburg H,Hochschule Flensburg,Fachhochschulen / HAW,öffentlich-rechtlich,Schleswig-Holstein,3545,1886,Nein,Nein,Kanzleistraße 91-93,24943,Flensburg,1561,24905,Flensburg,461,805-01,805-1300,www.hs-flensburg.de,1
76,Flensburg U,Europa-Universität Flensburg,Universitäten,öffentlich-rechtlich,Schleswig-Holstein,6354,1946,Ja,Ja,Auf dem Campus 1,24943,Flensburg,,,,461,805-02,805-2144,www.uni-flensburg.de,1
79,Frankfurt am Main FH,Frankfurt University of Applied Sciences,Fachhochschulen / HAW,öffentlich-rechtlich,Hessen,15457,1971,Ja,Nein,Nibelungenplatz 1,60318,Frankfurt,,,,69,1533-0,1533-2400,www.frankfurt-university.de,1
364,Frankfurt am Main FHProvadis,Provadis School of International Management and Technology,Fachhochschulen / HAW,"privat, staatlich anerkannt",Hessen,1097,2003,Nein,Nein,Rudolf-Amthauer-Straße,65926,Frankfurt,,,,69,305-81051,,www.provadis-hochschule.de/,0
83,Frankfurt am Main FSFM,Frankfurt School of Finance & Management,Universitäten,"privat, staatlich anerkannt",Hessen,2957,1990,Ja,Nein,Adickesallee 32-34,60322,Frankfurt,10 03 41,60003,Frankfurt,69,154008-0,154008-650,www.frankfurt-school.de,0
80,Frankfurt am Main HfBK,Hochschule für Bildende Künste (Städelschule),Kunst- und Musikhochschulen,öffentlich-rechtlich,Hessen,128,1817,Nein,Nein,Dürerstraße 10,60596,Frankfurt,,,,69,605008-0,605008-66,www.staedelschule.de,1
81,Frankfurt am Main HfM,Hochschule für Musik und Darstellende Kunst Frankfurt am Main,Kunst- und Musikhochschulen,öffentlich-rechtlich,Hessen,882,1878,Ja,Nein,Eschersheimer Landstraße 29-39,60322,Frankfurt,,,,69,154007-0,154007-108,www.hfmdk-frankfurt.de,1
82,Frankfurt am Main PhThH,Philosophisch-Theologische Hochschule Sankt Georgen Frankfurt am Main,Universitäten,"kirchlich, staatlich anerkannt",Hessen,279,1926,Ja,Ja,Offenbacher Landstraße 224,60599,Frankfurt,,,,69,6061-219,6061-307,www.sankt-georgen.de,1
78,Frankfurt am Main U,"Johann Wolfgang Goethe-Universität, Frankfurt am Main",Universitäten,öffentlich-rechtlich,Hessen,44922,1914,Ja,Ja,Theodor-W.-Adorno-Platz 1,60323,Frankfurt,111932,60054,Frankfurt,69,798-0,798-18383,www.uni-frankfurt.de,1
84,Frankfurt (Oder) U,Europa-Universität Viadrina Frankfurt (Oder),Universitäten,öffentlich-rechtlich,Brandenburg,5580,1991,Ja,Ja,Große Scharrnstraße 59,15230,Frankfurt,,,,335,5534 4444,,www.europa-uni.de,1
85,Freiberg TUBergAk,Technische Universität Bergakademie Freiberg,Universitäten,öffentlich-rechtlich,Sachsen,4062,1765,Ja,Ja,Akademiestraße 6,9599,Freiberg,,9596,Freiberg,3731,39-0,22195,www.tu-freiberg.de,1
89,Freiburg EvHS,"Evangelische Hochschule Freiburg, staatlich anerkannte Hochschule der Evangelischen Landeskirche in Baden",Fachhochschulen / HAW,"kirchlich, staatlich anerkannt",Baden-Württemberg,942,1971,Nein,Nein,Bugginger Straße 38,79114,Freiburg,,79114,Freiburg,761,47812-290,,www.eh-freiburg.de,1
90,Freiburg HfM,Hochschule für Musik Freiburg im Breisgau,Kunst- und Musikhochschulen,öffentlich-rechtlich,Baden-Württemberg,594,1946,Ja,Nein,Schwarzwaldstraße 141,79102,Freiburg,,79095,Freiburg,761,31915-0,31915-42,www.mh-freiburg.de,1
88,Freiburg KathHS,"Katholische Hochschule Freiburg, staatlich anerkannte Hochschule - Catholic University of Applied Sciences",Fachhochschulen / HAW,"kirchlich, staatlich anerkannt",Baden-Württemberg,1774,1971,Nein,Nein,Karlstraße 63,79104,Freiburg,,,,761,200-1400,,www.kh-freiburg.de,1
87,Freiburg PH,Pädagogische Hochschule Freiburg,Universitäten,öffentlich-rechtlich,Baden-Württemberg,4865,1962,Ja,Ja,Kunzenweg 21,79117,Freiburg,,79117,Freiburg,761,682-333,682-402,www.ph-freiburg.de,1
86,Freiburg U,Albert-Ludwigs-Universität Freiburg im Breisgau,Universitäten,öffentlich-rechtlich,Baden-Württemberg,23659,1457,Ja,Ja,Fahnenbergplatz,79085,Freiburg,,79085,Freiburg,761,203-0,203-8866,www.uni-freiburg.de,1
91,Friedensau ThH,Theologische Hochschule Friedensau,Universitäten,"kirchlich, staatlich anerkannt",Sachsen-Anhalt,185,1899,Nein,Nein,An der Ihle 19,39291,Friedensau,,,,3921,916-0,916-120,www.thh-friedensau.de/,0
351,Friedrichshafen ZU,"Zeppelin Universität - Hochschule zwischen Wirtschaft, Kultur und Politik",Universitäten,"privat, staatlich anerkannt",Baden-Württemberg,871,2003,Ja,Ja,Am Seemoser Horn 20,88045,Friedrichshafen,,,,7541,6009-2000,6009-1199,www.zu.de,0
92,Fulda H,Hochschule Fulda - University of Applied Sciences,Fachhochschulen / HAW,öffentlich-rechtlich,Hessen,9689,1974,Ja,Nein,Leipziger Straße 123,36037,Fulda,22 54,36012,Fulda,661,9640-0,9640-199,www.hs-fulda.de,1
93,Fulda ThFak,Theologische Fakultät Fulda,Universitäten,"kirchlich, staatlich anerkannt",Hessen,38,1734,Ja,Ja,Eduard-Schick-Platz 2,36037,Fulda,,,,661,87-220,87-224,www.thf-fulda.de,1
445,Fürth WLH,SRH Wilhelm Löhe Hochschule,Fachhochschulen / HAW,"privat, staatlich anerkannt",Bayern,362,,Nein,Nein,"Merkurstraße 19, Südstadtpark",90763,Fürth,,,,911,766069-0,-29,www.wlh-fuerth.de/home/,0
94,Furtwangen H,"Hochschule Furtwangen - Informatik, Technik, Wirtschaft, Medien, Gesundheit",Fachhochschulen / HAW,öffentlich-rechtlich,Baden-Württemberg,6036,1850,Nein,Nein,Robert-Gerwig-Platz 1,78120,Furtwangen,1152,78113,Furtwangen,7723,920-0,920-1109,www.hs-furtwangen.de,1
446,Geisenheim H,Hochschule Geisenheim,Hochschulen eigenen Typs,öffentlich-rechtlich,Hessen,1744,2013,Ja,Nein,Von-Lade-Straße 1,65366,Geisenheim,,,,6722,502-0,502-212,www.hs-geisenheim.de,1
487,Gera-Eisenach DH,Duale Hochschule Gera-Eisenach,Hochschulen eigenen Typs,öffentlich-rechtlich,Thüringen,1423,2016,Nein,Nein,Weg der Freundschaft 4,7546,Gera,,,,365,43410,4341103,www.dhge.de,0
374,Gera H,SRH Hochschule für Gesundheit,Fachhochschulen / HAW,"privat, staatlich anerkannt",Thüringen,1344,2007,Nein,Nein,Neue Straße 28 - 30,7548,Gera,,,,365,773407-0,773407-77,www.srh-gesundheitshochschule.de/,0
395,Giessen FThH,Freie Theologische Hochschule Gießen,Fachhochschulen / HAW,"privat, staatlich anerkannt",Hessen,174,1974,Nein,Nein,Rathenaustraße 5-7,35394,Gießen,,,,641,979700,9797039,www.fthgiessen.de,0
96,Giessen U,Justus-Liebig-Universität Gießen,Universitäten,öffentlich-rechtlich,Hessen,28231,1607,Ja,Ja,Ludwigstraße 23,35390,Gießen,11 14 40,35359,Gießen,641,99-0,99-12259,www.uni-giessen.de,1
299,Göttingen PFH,PFH - Private Hochschule Göttingen,Fachhochschulen / HAW,"privat, staatlich anerkannt",Niedersachsen,4077,1995,Nein,Nein,Weender Landstr. 3-7,37073,Göttingen,,,,551,54700-600,54700-190,www.pfh.de,0
98,Göttingen U,Georg-August-Universität Göttingen,Universitäten,öffentlich-rechtlich,Niedersachsen,29660,1737,Ja,Ja,Wilhelmsplatz 1,37073,Göttingen,3744,37027,Göttingen,551,39-0,39-4135,www.uni-goettingen.de,1
99,Greifswald U,Universität Greifswald,Universitäten,öffentlich-rechtlich,Mecklenburg-Vorpommern,10291,1456,Ja,Ja,Domstraße 11,17489,Greifswald,,,,3834,420 0,420 1105,www.uni-greifswald.de,1
370,Hachenburg HBundesbank (Verw),Hochschule der Deutschen Bundesbank,Verwaltungshochschule,öffentlich-rechtlich,Rheinland-Pfalz,431,1980,Nein,Nein,Schloss,57627,Hachenburg,,57620,Hachenburg,2662,83-1,83-499,www.hochschule-bundesbank.de,0
100,Hagen FernU,FernUniversität in Hagen,Universitäten,öffentlich-rechtlich,Nordrhein-Westfalen,68996,1974,Ja,Ja,Universitätsstraße 47,58097,Hagen,,58084,Hagen,2331,987-2444,987-1739,www.fernuni-hagen.de,1
103,Halle HfKiM,Evangelische Hochschule für Kirchenmusik,Kunst- und Musikhochschulen,"kirchlich, staatlich anerkannt",Sachsen-Anhalt,54,1926,Nein,Nein,Kleine Ulrichstraße 35,6108,Halle,,,,345,21969-0,21969-29,www.ehk-halle.de,0
102,Halle KuH,Burg Giebichenstein Kunsthochschule Halle,Kunst- und Musikhochschulen,öffentlich-rechtlich,Sachsen-Anhalt,1163,1915,Ja,Nein,Neuwerk 7,6108,Halle,20 02 52,6003,Halle,345,7751-50,7751-569,www.burg-halle.de,1
101,Halle-Wittenberg U,Martin-Luther-Universität Halle-Wittenberg,Universitäten,öffentlich-rechtlich,Sachsen-Anhalt,20809,1502,Ja,Ja,Universitätsplatz 10,6108,Halle,,6099,Halle,345,55-21000,55-27075,www.uni-halle.de,1
475,Hamburg AkFinanz (Verw),Norddeutsche Akademie für Finanzen und Steuerrecht,Verwaltungshochschule,öffentlich-rechtlich,Hamburg,346,2010,Nein,Nein,Hammer Steindamm 129,20535,Hamburg,,,,40,4042859-4000,404273-13697,www.hamburg.de/fb/norddeutsche-akademie-fuer-finanzen-und-steuerrecht-hamburg/,0
474,Hamburg AkPol (Verw),Akademie der Polizei Hamburg,Verwaltungshochschule,öffentlich-rechtlich,Hamburg,759,2013,Nein,Nein,Carl-Cohn-Straße 39,22297,Hamburg,,,,40,427427,,www.akademie-der-polizei.hamburg.de,0
326,Hamburg BLS,"Bucerius Law School, Hochschule für Rechtswissenschaft",Universitäten,"privat, staatlich anerkannt",Hamburg,918,2000,Ja,Ja,Jungiusstraße 6,20355,Hamburg,30 10 30,20304,Hamburg,40,30706-0,30706-145,www.law-school.de,1
350,Hamburg EFH,Europäische Fernhochschule Hamburg,Fachhochschulen / HAW,"privat, staatlich anerkannt",Hamburg,8136,2003,Nein,Nein,Doberaner Weg 20-22,22143,Hamburg,,,,40,67570-700,67570-710,www.euro-fh.de,0
108,Hamburg EvH,Evangelische Hochschule für Soziale Arbeit & Diakonie,Fachhochschulen / HAW,"kirchlich, staatlich anerkannt",Hamburg,605,1971,Nein,Nein,Horner Weg 170,22111,Hamburg,,,,40,65591-181,65591-228,www.ev-hochschule-hh.de,1
316,Hamburg FernH,"Hamburger Fern-Hochschule, gemeinnützige GmbH",Fachhochschulen / HAW,"privat, staatlich anerkannt",Hamburg,12331,1997,Nein,Nein,Alter Teichweg 19,22081,Hamburg,,22081,Hamburg,40,35094360,4035094-310,www.hfh-fernstudium.de,0
422,Hamburg FHBrand,Brand University of Applied Sciences,Fachhochschulen / HAW,"privat, staatlich anerkannt",Hamburg,307,2010,Nein,Nein,Rainvilleterrasse 4,22765,Hamburg,,,,40,380 893 560,380 893 56 20,www.brand-university.de,0
107,Hamburg HAW,Hochschule für Angewandte Wissenschaften Hamburg,Fachhochschulen / HAW,öffentlich-rechtlich,Hamburg,16839,1970,Nein,Nein,Berliner Tor 5,20099,Hamburg,10 20 31,20014,Hamburg,40,42875-9898,42875-9149,www.haw-hamburg.de,1
362,Hamburg HCU,HafenCity Universität Hamburg,Universitäten,öffentlich-rechtlich,Hamburg,2450,2006,Ja,Ja,Henning-Voscherau-Platz 1,20457,Hamburg,,,,40,42827-5355,,www.hcu-hamburg.de,1
109,Hamburg HfBK,Hochschule für Bildende Künste Hamburg,Kunst- und Musikhochschulen,öffentlich-rechtlich,Hamburg,727,1767,Ja,Nein,Lerchenfeld 2,22081,Hamburg,,,,40,428989-272,428989-271,www.hfbk-hamburg.de,1
110,Hamburg HfM,Hochschule für Musik und Theater Hamburg,Kunst- und Musikhochschulen,öffentlich-rechtlich,Hamburg,1473,1950,Ja,Nein,Harvestehuder Weg 12,20148,Hamburg,,,,40,42848-201,42848-2666,www.hfmt-hamburg.de,1
358,Hamburg HSBA,HSBA Hamburg School of Business Administration,Fachhochschulen / HAW,"privat, staatlich anerkannt",Hamburg,1076,2004,Nein,Nein,Willy-Brandt-Straße 75,20459,Hamburg,,,,40,822160-900,,www.hsba.de,0
429,Hamburg KLU,Kühne Logistics University - Wissenschaftliche Hochschule für Logistik und Unternehmensführung,Universitäten,"privat, staatlich anerkannt",Hamburg,379,2010,Ja,Nein,Großer Grasbrook 17,20457,Hamburg,,20457,Hamburg,40,328707-0,328707-109,www.the-klu.org,0
421,Hamburg MSH,MSH Medical School Hamburg - University of Applied Sciences and Medical University,Hochschulen eigenen Typs,"privat, staatlich anerkannt",Hamburg,3497,2009,Nein,Nein,Am Kaiserkai 1,20457,Hamburg,,20457,Hamburg,40,36122640,361226430,www.medicalschool-hamburg.de,0
460,Hamburg NBS,NBS Northern Business School – University of Applied Sciences,Fachhochschulen / HAW,"privat, staatlich anerkannt",Hamburg,931,2007,Nein,Nein,Holstenhofweg 62,22043,Hamburg,,,,40,35700340,35700343,www.nbs.de,0
105,Hamburg TU,Technische Universität Hamburg,Universitäten,öffentlich-rechtlich,Hamburg,7140,1978,Ja,Ja,Am Schwarzenberg-Campus 3 (E),21073,Hamburg,,,,40,42878-0,,www.tuhh.de/,1
104,Hamburg U,Universität Hamburg,Universitäten,öffentlich-rechtlich,Hamburg,43343,1919,Ja,Ja,Mittelweg 177,20148,Hamburg,,,,40,42838-0,42838-6594,www.uni-hamburg.de,1
106,Hamburg UBw,Helmut-Schmidt-Universität/Universität der Bundeswehr Hamburg,Universitäten,öffentlich-rechtlich,Hamburg,2516,1972,Ja,Ja,Holstenhofweg 85,22043,Hamburg,70 08 22,22039,Hamburg,40,6541-1,6541-2702,www.hsu-hh.de,1
399,Hamm-Lippstadt H,Hochschule Hamm-Lippstadt,Fachhochschulen / HAW,öffentlich-rechtlich,Nordrhein-Westfalen,5971,2009,Nein,Nein,Marker Allee 76-78,59063,Hamm,,,,2381,8789-234,,www.hshl.de,1
311,Hannover FHDW,Fachhochschule für die Wirtschaft Hannover,Fachhochschulen / HAW,"privat, staatlich anerkannt",Niedersachsen,640,1996,Nein,Nein,Freundallee 15,30173,Hannover,,,,511,28483-70,28483-72,www.fhdw-hannover.de/,0
115,Hannover H,Hochschule Hannover,Fachhochschulen / HAW,öffentlich-rechtlich,Niedersachsen,9613,1971,Nein,Nein,Expo Plaza 4,30539,Hannover,721154,30531,Hannover,511,9296-0,9296-1010,www.hs-hannover.de,1
117,Hannover HfMTM,"Hochschule für Musik, Theater und Medien Hannover",Kunst- und Musikhochschulen,öffentlich-rechtlich,Niedersachsen,1484,1897,Ja,Ja,Neues Haus 1,30175,Hannover,,,,511,3100-200,3100-7200,www.hmtm-hannover.de,1
439,Hannover LeibnizFH,Leibniz-Fachhochschule,Fachhochschulen / HAW,"privat, staatlich anerkannt",Niedersachsen,597,1920,Nein,Nein,Expo Plaza 11,30539,Hannover,,,,511,95784-12,95784-13,www.leibniz-fh.de,0
112,Hannover MedH,Medizinische Hochschule Hannover (MHH),Universitäten,öffentlich-rechtlich,Niedersachsen,3645,1963,Ja,Ja,Carl-Neuberg-Str. 1,30625,Hannover,,30623,Hannover,511,532-0,532-5550,www.mh-hannover.de,1
113,Hannover TiHo,Stiftung Tierärztliche Hochschule Hannover,Universitäten,öffentlich-rechtlich,Niedersachsen,2386,1778,Ja,Ja,Bünteweg 2,30559,Hannover,71 11 80,30545,Hannover,511,953-60,953-8050,www.tiho-hannover.de,1
114,Hannover U,Gottfried Wilhelm Leibniz Universität Hannover,Universitäten,öffentlich-rechtlich,Niedersachsen,29662,1831,Ja,Ja,Welfengarten 1,30167,Hannover,6009,30060,Hannover,511,762-0,762-3456,www.uni-hannover.de,1
118,Harz H,"Hochschule Harz, Hochschule für angewandte Wissenschaften (FH)",Fachhochschulen / HAW,öffentlich-rechtlich,Sachsen-Anhalt,3269,1991,Nein,Nein,Friedrichstraße 57-59,38855,Wernigerode,,,,3943,659-0,659-109,www.hs-harz.de,1
122,Heidelberg H,SRH Hochschule Heidelberg - Staatlich anerkannte Fachhochschule,Fachhochschulen / HAW,"privat, staatlich anerkannt",Baden-Württemberg,3403,1969,Nein,Nein,Ludwig-Guttmann-Str. 6,69123,Heidelberg,10 14 09,69004,Heidelberg,6221,6799-799,6799-1,www.hochschule-heidelberg.de/?utm_source=WKZ-HD5003AA04,1
121,Heidelberg HfJS,Hochschule für Jüdische Studien Heidelberg,Universitäten,"privat, staatlich anerkannt",Baden-Württemberg,101,1979,Ja,Nein,Landfriedstraße 12,69117,Heidelberg,,,,6221,5419200,5419209,www.hfjs.eu,1
124,Heidelberg HfKiM,Hochschule für Kirchenmusik der Evangelischen Landeskirche in Baden,Kunst- und Musikhochschulen,"kirchlich, staatlich anerkannt",Baden-Württemberg,48,1931,Nein,Nein,Hildastr. 8,69115,Heidelberg,,,,6221,27062,21876,www.hfk-heidelberg.de,0
440,Heidelberg HFresen,Hochschule Fresenius Heidelberg – staatlich anerkannte Hochschule der Hochschule Fresenius für Internationales Management GmbH,Fachhochschulen / HAW,"privat, staatlich anerkannt",Baden-Württemberg,508,2012,Nein,Nein,Sickingenstraße 63-65,69126,Heidelberg,,,,6221,6442-0,6442-42,www.hs-fresenius.de/standort/heidelberg/,0
120,Heidelberg PH,Pädagogische Hochschule Heidelberg,Universitäten,öffentlich-rechtlich,Baden-Württemberg,4534,1904,Ja,Ja,Keplerstraße 87,69120,Heidelberg,104240,69032,Heidelberg,6221,477-0,477-432,www.ph-heidelberg.de,1
119,Heidelberg U,Ruprecht-Karls-Universität Heidelberg,Universitäten,öffentlich-rechtlich,Baden-Württemberg,28112,1386,Ja,Ja,Seminarstraße 2,69117,Heidelberg,105760,69047,Heidelberg,6221,54-0,,www.uni-heidelberg.de,1
125,Heilbronn H,"Hochschule Heilbronn, Technik, Wirtschaft, Informatik",Fachhochschulen / HAW,öffentlich-rechtlich,Baden-Württemberg,8650,1961,Nein,Nein,Max-Planck-Straße 39,74081,Heilbronn,,,,7131,504-0,252470,www.hs-heilbronn.de,1
380,Heilbronn H GGS,"German Graduate School of Management and Law gGmbH Heilbronn, staatlich anerkannte Hochschule",Fachhochschulen / HAW,"privat, staatlich anerkannt",Baden-Württemberg,136,2006,Nein,Nein,Bildungscampus 2,74076,Heilbronn,,,,7131,645636-0,645636-27,www.ggs.de,0
126,Herford HfKiM,Hochschule für Kirchenmusik der Evangelischen Kirche von Westfalen,Kunst- und Musikhochschulen,"kirchlich, staatlich anerkannt",Nordrhein-Westfalen,56,1948,Nein,Nein,Parkstr. 6,32049,Herford,,,,5221,991450,,www.hochschule-kirchenmusi.de,0
444,Hermannsburg FIT,Fachhochschule für Interkulturelle Theologie Hermannsburg,Fachhochschulen / HAW,"privat, staatlich anerkannt",Niedersachsen,60,2012,Nein,Nein,Missionsstraße 3-5,29320,Hermannsburg,,,,5052,48101-0,48101-99,www.fh-hermannsburg.de/,0
477,Hessen HFinanz/Recht (Verw),Hessische Hochschule für Finanzen und Rechtspflege Rotenburg a.d. Fulda,Verwaltungshochschule,öffentlich-rechtlich,Hessen,1869,2006,Nein,Nein,Josef-Durstewitz Straße 2-6,36199,Rotenburg,,,,6623,9320,,www.studienzentrum-rotenburg.hessen.de,0
408,Hessen HPol/Verw (Verw),Hessische Hochschule für Polizei und Verwaltung,Verwaltungshochschule,öffentlich-rechtlich,Hessen,3946,1980,Nein,Nein,Schönbergstraße 100,65199,Wiesbaden,,,,611,5829-0,5829-444,www.hfpv.hessen.de,0
127,Hildesheim U,Universität Hildesheim,Universitäten,öffentlich-rechtlich,Niedersachsen,8462,1978,Ja,Ja,Universitätsplatz 1,31141,Hildesheim,101363,31113,Hildesheim,5121,883 0,883 91427,www.uni-hildesheim.de,1
128,Hildesh./Holzm./Göttingen H,HAWK Hochschule für angewandte Wissenschaft und Kunst Hildesheim/Holzminden/Göttingen,Fachhochschulen / HAW,öffentlich-rechtlich,Niedersachsen,6612,1971,Nein,Nein,Hohnsen 4,31134,Hildesheim,,,,5121,881-0,,www.hawk.de/de,1
287,Hof H,Hochschule für Angewandte Wissenschaften Hof,Fachhochschulen / HAW,öffentlich-rechtlich,Bayern,3404,1994,Nein,Nein,Alfons-Goppel-Platz 1,95028,Hof,,,,9281,409-30 00,409-40 00,www.hof-university.de,1
129,Hohenheim U,Universität Hohenheim,Universitäten,öffentlich-rechtlich,Baden-Württemberg,8715,1818,Ja,Ja,Schloss Hohenheim 1,70599,Stuttgart,,,,711,459-0,459-23960,www.uni-hohenheim.de,1
271,Idstein HFresen,Hochschule Fresenius,Fachhochschulen / HAW,"privat, staatlich anerkannt",Hessen,14910,1848,Nein,Nein,Limburger Straße 2,65510,Idstein,,,,800,7245834,,www.hs-fresenius.de/hochschule/studienberatung/?idf=uz45cuy54y&utm_source=hochschulkompass&utm_medium=link&utm_campaign=profil,0
130,Ilmenau TU,Technische Universität Ilmenau,Universitäten,öffentlich-rechtlich,Thüringen,5225,1894,Ja,Ja,Ehrenbergstraße 29,98693,Ilmenau,100565,98684,Ilmenau,3677,69-0,69-5009,www.tu-ilmenau.de,1
288,Ingolstadt TH,Technische Hochschule Ingolstadt,Fachhochschulen / HAW,öffentlich-rechtlich,Bayern,6018,1994,Nein,Nein,Esplanade 10,85049,Ingolstadt,21 04 54,85019,Ingolstadt,841,9348-0,9348-2000,www.thi.de,1
369,Ismaning HAM,Hochschule für angewandtes Management,Fachhochschulen / HAW,"privat, staatlich anerkannt",Bayern,4098,2004,Nein,Nein,Steinheilstraße 4,85737,Ismaning,,,,89,4535457-0,4535457-999,www.fham.de,0
134,Jena H,Ernst-Abbe-Hochschule Jena - University of Applied Sciences,Fachhochschulen / HAW,öffentlich-rechtlich,Thüringen,4586,1991,Nein,Nein,Carl-Zeiss-Promenade 2,7745,Jena,10 03 14,7703,Jena,3641,205-0,205-101,www.eah-jena.de,1
133,Jena U,Friedrich-Schiller-Universität Jena,Universitäten,öffentlich-rechtlich,Thüringen,17604,1558,Ja,Ja,Fürstengraben 1,7743,Jena,,7737,Jena,3641,94000,9414242,www.uni-jena.de,1
306,Kaiserslautern H,Hochschule Kaiserslautern (University of Applied Sciences),Fachhochschulen / HAW,öffentlich-rechtlich,Rheinland-Pfalz,6217,1996,Nein,Nein,Schoenstr. 11,67659,Kaiserslautern,1573,67604,Kaiserslautern,631,3724-0,3724-2105,www.hs-kl.de,1
135,Kaiserslautern TU,Technische Universität Kaiserslautern,Universitäten,öffentlich-rechtlich,Rheinland-Pfalz,14369,1970,Ja,Ja,Gottlieb-Daimler-Straße 47,67663,Kaiserslautern,3049,67653,Kaiserslautern,631,205-0,205-3200,www.uni-kl.de/,1
139,Karlsruhe AkdBK,Staatliche Akademie der Bildenden Künste Karlsruhe,Kunst- und Musikhochschulen,öffentlich-rechtlich,Baden-Württemberg,337,1854,Ja,Nein,Reinhold-Frank-Straße 67,76133,Karlsruhe,111209,76062,Karlsruhe,721,926-5210,926-5213,www.kunstakademie-karlsruhe.de,1
138,Karlsruhe H,Hochschule Karlsruhe - Technik und Wirtschaft,Fachhochschulen / HAW,öffentlich-rechtlich,Baden-Württemberg,7564,1878,Nein,Nein,Moltkestraße 30,76133,Karlsruhe,24 40,76012,Karlsruhe,721,925-0,925-2000,www.h-ka.de,1
140,Karlsruhe HfGest,Staatliche Hochschule für Gestaltung Karlsruhe,Kunst- und Musikhochschulen,öffentlich-rechtlich,Baden-Württemberg,392,1992,Ja,Nein,Lorenzstr. 15,76135,Karlsruhe,,,,721,8203-0,8203-2159,www.hfg-karlsruhe.de,1
141,Karlsruhe HfM,Hochschule für Musik Karlsruhe,Kunst- und Musikhochschulen,öffentlich-rechtlich,Baden-Württemberg,560,1812,Ja,Nein,Am Schloss Gottesaue 7,76131,Karlsruhe,60 40,76040,Karlsruhe,721,6629-0,6629-266,www.hfm-karlsruhe.de,1
359,Karlsruhe KIU,Karlshochschule International University - staatlich anerkannte Hochschule der Karlshochschule gemeinnützige GmbH Karlsruhe,Fachhochschulen / HAW,"privat, staatlich anerkannt",Baden-Württemberg,474,2005,Nein,Nein,Karlstraße 36-38,76133,Karlsruhe,,,,721,48095 0,48095 101,www.karlshochschule.de,0
137,Karlsruhe PH,Pädagogische Hochschule Karlsruhe,Universitäten,öffentlich-rechtlich,Baden-Württemberg,3692,1962,Ja,Ja,Bismarckstraße 10,76133,Karlsruhe,11 10 62,76060,Karlsruhe,721,925-3,925-4000,www.ph-karlsruhe.de,1
136,Karlsruhe U KIT,Karlsruher Institut für Technologie,Universitäten,öffentlich-rechtlich,Baden-Württemberg,22802,2009,Ja,Ja,Kaiserstraße 12,76131,Karlsruhe,6980,76049,Karlsruhe,721,608-0,608-44290,www.kit.edu,1
418,Kassel CVJM,CVJM-Hochschule Kassel,Fachhochschulen / HAW,"privat, staatlich anerkannt",Hessen,472,2009,Nein,Nein,Hugo-Preuß-Straße 40,34131,Kassel,,,,561,3087-500,3087-501,www.cvjm-hochschule.de/,0
142,Kassel U,Universität Kassel,Universitäten,öffentlich-rechtlich,Hessen,24257,1971,Ja,Ja,Mönchebergstraße 19,34125,Kassel,,34109,Kassel,561,804-0,804-2330,www.uni-kassel.de,1
143,Kempten H,Hochschule für angewandte Wissenschaften Kempten,Fachhochschulen / HAW,öffentlich-rechtlich,Bayern,5728,1977,Nein,Nein,Bahnhofstraße 61,87435,Kempten,16 80,87406,Kempten,831,2523-0,2523-104,www.hs-kempten.de,1
145,Kiel FH,Fachhochschule Kiel,Fachhochschulen / HAW,öffentlich-rechtlich,Schleswig-Holstein,7917,1969,Nein,Nein,Sokratesplatz 1,24149,Kiel,,,,431,210-0,210-1900,www.fh-kiel.de,1
289,Kiel KuH,Muthesius Kunsthochschule,Kunst- und Musikhochschulen,öffentlich-rechtlich,Schleswig-Holstein,648,1994,Ja,Nein,Legienstraße 35,24103,Kiel,,,,431,5198-400,5198-408,www.muthesius-kunsthochschule.de/de/,1
144,Kiel U,Christian-Albrechts-Universität zu Kiel,Universitäten,öffentlich-rechtlich,Schleswig-Holstein,27751,1665,Ja,Ja,Christian-Albrechts-Platz 4,24118,Kiel,,,,431,880-00,880-7333,www.uni-kiel.de,1
305,Koblenz H,Hochschule Koblenz,Fachhochschulen / HAW,öffentlich-rechtlich,Rheinland-Pfalz,9868,1996,Nein,Nein,Konrad-Zuse-Straße 1,56075,Koblenz,,,,261,9528-0,9528-567,www.hs-koblenz.de,1
146,Koblenz-Landau U,Universität Koblenz-Landau,Universitäten,öffentlich-rechtlich,Rheinland-Pfalz,17978,1990,Ja,Ja,Rhabanusstraße 3,55118,Mainz,18 64,55008,Mainz,6131,37460-0,37460-40,www.uni-koblenz-landau.de,1
414,Köln CBS,CBS International Business School - University of Applied Sciences,Fachhochschulen / HAW,"privat, staatlich anerkannt",Nordrhein-Westfalen,1814,1993,Nein,Nein,Hardefuststraße 1,50677,Köln,,,,221,931809-31,,www.cbs.de,0
148,Köln DSHS,Deutsche Sporthochschule Köln,Universitäten,öffentlich-rechtlich,Nordrhein-Westfalen,5946,1947,Ja,Ja,Am Sportpark Müngersdorf 6,50933,Köln,,50927,Köln,221,4982-0,4982-8330,www.dshs-koeln.de,1
153,Köln HfMT,Hochschule für Musik und Tanz Köln,Kunst- und Musikhochschulen,öffentlich-rechtlich,Nordrhein-Westfalen,1522,1845,Ja,Nein,Unter Krahnenbäumen 87,50668,Köln,,,,221,912818-0,131204,www.hfmt-koeln.de,1
455,Köln HSD,HSD Hochschule Döpfer,Fachhochschulen / HAW,"privat, staatlich anerkannt",Nordrhein-Westfalen,636,2013,Nein,Nein,Waidmarkt 3 und 9,50676,Köln,,,,221,126 125 0,126 125 19,www.hs-doepfer.de,0
152,Köln KuHMedien,Kunsthochschule für Medien Köln,Kunst- und Musikhochschulen,öffentlich-rechtlich,Nordrhein-Westfalen,380,1990,Ja,Nein,Peter-Welter-Platz 2,50676,Köln,,,,221,20189-0,,www.khm.de,1
150,Köln RheinFH,Rheinische Fachhochschule Köln,Fachhochschulen / HAW,"privat, staatlich anerkannt",Nordrhein-Westfalen,6226,1958,Nein,Nein,Schaevenstrasse 1a-b,50676,Köln,,,,221,20302-0,20302-45,www.rfh-koeln.de,1
149,Köln TH,Technische Hochschule Köln,Fachhochschulen / HAW,öffentlich-rechtlich,Nordrhein-Westfalen,26817,1971,Nein,Nein,Claudiusstraße 1,50678,Köln,,,,221,8275-0,8275-3131,www.th-koeln.de,1
147,Köln U,Universität zu Köln,Universitäten,öffentlich-rechtlich,Nordrhein-Westfalen,54220,1388,Ja,Ja,Albertus-Magnus-Platz,50931,Köln,,50923,Köln,221,470-0,470-5151,www.Uni-Koeln.de,1
338,Konstanz AllensbachH,"Allensbach Hochschule Konstanz, staatlich anerkannte Hochschule der European Education Group GmbH",Fachhochschulen / HAW,"privat, staatlich anerkannt",Baden-Württemberg,351,1996,Nein,Nein,Lohnerhofstraße 2,78467,Konstanz,,78467,Konstanz,7533,919 23 90,919 23 91,www.allensbach-hochschule.de/,0
155,Konstanz H,"Hochschule Konstanz Technik, Wirtschaft und Gestaltung",Fachhochschulen / HAW,öffentlich-rechtlich,Baden-Württemberg,4882,1906,Nein,Nein,Alfred-Wachtel-Straße 8,78462,Konstanz,,,Konstanz,7531,206-0,206-400,www.htwg-konstanz.de,1
154,Konstanz U,Universität Konstanz,Universitäten,öffentlich-rechtlich,Baden-Württemberg,11164,1966,Ja,Ja,Universitätsstraße 10,78464,Konstanz,,78457,Konstanz,7531,88-0,88-3688,www.uni-konstanz.de/,1
157,Landshut H,Hochschule Landshut - Hochschule für angewandte Wissenschaften,Fachhochschulen / HAW,öffentlich-rechtlich,Bayern,4490,1978,Nein,Nein,Am Lurzenhof 1,84036,Landshut,,,,871,506-0,506-506,www.haw-landshut.de,1
164,Leipzig HfGuB,Hochschule für Grafik und Buchkunst Leipzig,Kunst- und Musikhochschulen,öffentlich-rechtlich,Sachsen,504,1764,Ja,Nein,Wächterstraße 11,4107,Leipzig,10 08 05,4008,Leipzig,341,2135-0,2135-166,www.hgb-leipzig.de,1
295,Leipzig HHL,HHL Leipzig Graduate School of Management,Universitäten,"privat, staatlich anerkannt",Sachsen,703,1898,Ja,Ja,Jahnallee 59,4109,Leipzig,,4109,Leipzig,341,9851-60,9851-679,www.hhl.de,1
162,Leipzig HMT,Hochschule für Musik und Theater Felix Mendelssohn Bartholdy Leipzig,Kunst- und Musikhochschulen,öffentlich-rechtlich,Sachsen,1118,1843,Ja,Nein,Grassistraße 8,4107,Leipzig,10 08 09,4008,Leipzig,341,2144-55,2144-503,www.hmt-leipzig.de,1
160,Leipzig HTWK,"Hochschule für Technik, Wirtschaft und Kultur Leipzig",Fachhochschulen / HAW,öffentlich-rechtlich,Sachsen,6413,1992,Nein,Nein,Karl-Liebknecht-Straße 132,4277,Leipzig,301166,4251,Leipzig,341,3076-0,3076-6456,www.htwk-leipzig.de,1
159,Leipzig U,Universität Leipzig,Universitäten,öffentlich-rechtlich,Sachsen,29631,1409,Ja,Ja,Ritterstraße 26,4109,Leipzig,100920,4009,Leipzig,341,97-108,97-30099,www.uni-leipzig.de,1
170,Lübeck HfM,Musikhochschule Lübeck,Kunst- und Musikhochschulen,öffentlich-rechtlich,Schleswig-Holstein,402,1911,Ja,Nein,Große Petersgrube 21,23552,Lübeck,,,,451,1505-0,1505-300,www.mh-luebeck.de,1
169,Lübeck TH,Technische Hochschule Lübeck,Fachhochschulen / HAW,öffentlich-rechtlich,Schleswig-Holstein,5167,1808,Nein,Nein,Mönkhofer Weg 239,23562,Lübeck,,,,451,300-6,300-5100,www.th-luebeck.de/,1
168,Lübeck U,Universität zu Lübeck,Universitäten,öffentlich-rechtlich,Schleswig-Holstein,5647,1964,Ja,Ja,Ratzeburger Allee 160,23562,Lübeck,,,,451,3101-0,3101-1014,www.uni-luebeck.de,1
229,Ludwigsburg EvH,Evangelische Hochschule Ludwigsburg - staatlich anerkannte Hochschule für Angewandte Wissenschaften der Evangelischen Landeskirche in Württemberg,Fachhochschulen / HAW,"kirchlich, staatlich anerkannt",Baden-Württemberg,1309,1999,Nein,Nein,Paulusweg 6,71638,Ludwigsburg,,,,7141,9745-220,9745-411,www.eh-ludwigsburg.de/,1
166,Ludwigsburg PH,Pädagogische Hochschule Ludwigsburg,Universitäten,öffentlich-rechtlich,Baden-Württemberg,6372,1962,Ja,Ja,Reuteallee 46,71634,Ludwigsburg,220,71602,Ludwigsburg,7141,140-0,140-434,www.ph-ludwigsburg.de,1
307,Ludwigshafen HWG,Hochschule für Wirtschaft und Gesellschaft Ludwigshafen,Fachhochschulen / HAW,öffentlich-rechtlich,Rheinland-Pfalz,4844,1965,Nein,Nein,Ernst-Boehe-Str. 4,67059,Ludwigshafen,217261,67072,Ludwigshafen,621,5203-0,5203-200,www.hwg-lu.de,1
171,Lüneburg U,Leuphana Universität Lüneburg,Universitäten,öffentlich-rechtlich,Niedersachsen,9394,1946,Ja,Ja,Universitätsallee 1,21335,Lüneburg,,,,4131,677-2277,677-1430,www.leuphana.de/services/studierendenservice/infoportal-erstauskunft-zum-studium.html,1
173,Magdeburg-Stendal H,Hochschule Magdeburg-Stendal,Fachhochschulen / HAW,öffentlich-rechtlich,Sachsen-Anhalt,5452,1991,Nein,Nein,Breitscheidstraße 2,39114,Magdeburg,3655,39011,Magdeburg,391,886-30,886-4104,www.h2.de,1
172,Magdeburg U,Otto-von-Guericke-Universität Magdeburg,Universitäten,öffentlich-rechtlich,Sachsen-Anhalt,13563,1993,Ja,Ja,Universitätsplatz 2,39106,Magdeburg,4120,39016,Magdeburg,391,67-01,67-11156,www.ovgu.de,1
310,Mainz H,Hochschule Mainz,Fachhochschulen / HAW,öffentlich-rechtlich,Rheinland-Pfalz,5881,1996,Nein,Nein,Lucy-Hillebrand-Straße 2,55128,Mainz,1967,55009,Mainz,6131,628-0,628-7777,www.hs-mainz.de,1
175,Mainz KathH,Katholische Hochschule Mainz Catholic University of Applied Sciences,Fachhochschulen / HAW,"kirchlich, staatlich anerkannt",Rheinland-Pfalz,1540,1972,Nein,Nein,Saarstraße 3,55122,Mainz,23 40,55013,Mainz,6131,28944-0,28944-440,www.kh-mz.de/katholische-hochschule/,1
174,Mainz U,Johannes Gutenberg-Universität Mainz,Universitäten,öffentlich-rechtlich,Rheinland-Pfalz,31178,1477,Ja,Ja,Saarstraße 21,55122,Mainz,,55099,Mainz,6131,39-0,39-22919,www.uni-mainz.de,1
177,Mannheim H,Hochschule Mannheim,Fachhochschulen / HAW,öffentlich-rechtlich,Baden-Württemberg,5468,1898,Nein,Nein,Paul-Wittsack-Straße 10,68163,Mannheim,,,,621,292-6111,292-6420,www.hs-mannheim.de,1
457,Mannheim HdBA (Verw),Hochschule der Bundesagentur für Arbeit - Staatlich anerkannte Hochschule für angewandte Wissenschaft in Mannheim und Schwerin (University of Applied Labour Studies of the Federal Employment Agency),Verwaltungshochschule,öffentlich-rechtlich,Baden-Württemberg,2032,2006,Nein,Nein,Seckenheimer Landstraße 16,68163,Mannheim,,,,621,42090,,www.hdba.de/,0
432,Mannheim HdWM,Hochschule der Wirtschaft für Management,Fachhochschulen / HAW,"privat, staatlich anerkannt",Baden-Württemberg,433,2011,Nein,Nein,Oskar-Meixner-Straße 4-6,68163,Mannheim,,,,621,490890-00,,www.hdwm.de,0
123,Mannheim HfM,Staatliche Hochschule für Musik und Darstellende Kunst Mannheim,Kunst- und Musikhochschulen,öffentlich-rechtlich,Baden-Württemberg,602,1971,Ja,Nein,"N 7, 18",68161,Mannheim,,,,621,292-3512,292-2072,www.muho-mannheim.de,1
176,Mannheim U,Universität Mannheim,Universitäten,öffentlich-rechtlich,Baden-Württemberg,11303,1907,Ja,Ja,Schloss,68161,Mannheim,,68131,Mannheim,621,181-2222,181-1050,www.uni-mannheim.de,1
426,Marburg EHTabor,Evangelische Hochschule Tabor,Fachhochschulen / HAW,"privat, staatlich anerkannt",Hessen,220,1909,Nein,Nein,Dürerstraße 43,35039,Marburg,,,,6421,967-431,967-411,www.eh-tabor.de,0
478,Marburg HArchiv (Verw),Archivschule Marburg - Hochschule für Archivwissenschaft,Verwaltungshochschule,öffentlich-rechtlich,Hessen,72,,Nein,Nein,Bismarckstraße 32,35037,Marburg,,,,6421,16971-0,16971-10,www.archivschule.de/DE/ausbildung/gehobener-dienst/,0
179,Marburg U,Philipps-Universität Marburg,Universitäten,öffentlich-rechtlich,Hessen,22641,1527,Ja,Ja,Biegenstraße 10,35032,Marburg,,35037,Marburg,6421,28-20,28-22500,www.uni-marburg.de,1
479,Mecklenburg-Vorp. FHVerw (Verw),"Fachhochschule für öffentliche Verwaltung, Polizei und Rechtspflege des Landes Mecklenburg-Vorpommern",Verwaltungshochschule,öffentlich-rechtlich,Mecklenburg-Vorpommern,734,,Nein,Nein,Goldberger Straße 12-13,18273,Güstrow,,,,3843,283 215,,www.fh-guestrow.de,0
180,Merseburg H,Hochschule Merseburg,Fachhochschulen / HAW,öffentlich-rechtlich,Sachsen-Anhalt,3095,1992,Nein,Nein,Eberhard-Leibnitz-Straße 2,6217,Merseburg,,,,3461,46-0,46-2958,www.hs-merseburg.de,1
97,Mittelhessen THM,Technische Hochschule Mittelhessen - THM,Fachhochschulen / HAW,öffentlich-rechtlich,Hessen,18323,1971,Nein,Nein,Wiesenstraße 14,35390,Gießen,,,,641,309 0,309 2901,www.thm.de,1
181,Mittweida H,"Hochschule Mittweida, University of Applied Sciences",Fachhochschulen / HAW,öffentlich-rechtlich,Sachsen,6874,1867,Nein,Nein,Technikumplatz 17,9648,Mittweida,1457,9644,Mittweida,3727,58-0,58-1379,www.hs-mittweida.de,1
187,München AkdBK,Akademie der Bildenden Künste München,Kunst- und Musikhochschulen,öffentlich-rechtlich,Bayern,744,1808,Ja,Nein,Akademiestraße 2-4,80799,München,,,,89,3852-0,3852-206,www.adbk.de/,1
291,München H,Hochschule für angewandte Wissenschaften München,Fachhochschulen / HAW,öffentlich-rechtlich,Bayern,18544,1971,Nein,Nein,Lothstr. 34,80335,München,20 01 13,80001,München,89,1265-0,1265-1490,www.hm.edu,1
467,München HDBW,Hochschule der Bayerischen Wirtschaft für angewandte Wissenschaften - HDBW,Fachhochschulen / HAW,"privat, staatlich anerkannt",Bayern,535,2012,Nein,Nein,Konrad-Zuse-Platz 8,81829,München,,,,89,4567845-0,4567845-50,www.hdbw-hochschule.de,0
190,München HFF,Hochschule für Fernsehen und Film München,Kunst- und Musikhochschulen,öffentlich-rechtlich,Bayern,349,1966,Ja,Nein,Bernd-Eichinger-Platz 1,80333,München,,,,89,68957-0,68957-9900,www.hff-muc.de,0
188,München HMT,Hochschule für Musik und Theater München,Kunst- und Musikhochschulen,öffentlich-rechtlich,Bayern,1274,1830,Ja,Nein,Arcisstraße 12,80333,München,,,,89,289-03,289-27419,www.musikhochschule-muenchen.de,1
189,München HPhil,Hochschule für Philosophie,Universitäten,"kirchlich, staatlich anerkannt",Bayern,435,1925,Ja,Ja,Kaulbachstraße 31,80539,München,Kaulbachstaße 31a,80539,München,89,2386-2300,2386-2302,www.hfph.de,1
376,München IH,Internationale Hochschule SDI München - Hochschule für angewandte Wissenschaften,Fachhochschulen / HAW,"privat, staatlich anerkannt",Bayern,285,2007,Nein,Nein,Baierbrunner Straße 28,81379,München,,,,89,288102-0,288440,www.sdi-muenchen.de/hochschule/,0
186,München KathH,Katholische Stiftungshochschule für angewandte Wissenschaften München - Hochschule der Kirchlichen Stiftung des öffentlichen Rechts Katholische Bildungsstätten für Sozialberufe in Bayern,Fachhochschulen / HAW,"kirchlich, staatlich anerkannt",Bayern,2519,1971,Nein,Nein,Preysingstraße 95,81667,München,,,,89,48092-900,,www.ksh-muenchen.de,1
336,München MBS,Munich Business School - Staatlich anerkannte private Fachhochschule,Fachhochschulen / HAW,"privat, staatlich anerkannt",Bayern,569,1991,Nein,Nein,Elsenheimerstraße 61,80687,München,,,,89,547678-0,547678-29,www.munich-business-school.de,0
184,München TU,Technische Universität München,Universitäten,öffentlich-rechtlich,Bayern,44283,1868,Ja,Ja,Arcisstraße 21,80333,München,,,,89,289-01,289-22000,www.tum.de,1
183,München U,Ludwig-Maximilians-Universität München,Universitäten,öffentlich-rechtlich,Bayern,51506,1472,Ja,Ja,Geschwister-Scholl-Platz 1,80539,München,,,,89,2180-0,2180-2322,www.lmu.de,1
185,München UBw,Universität der Bundeswehr München,Universitäten,öffentlich-rechtlich,Bayern,3775,1973,Ja,Ja,Werner-Heisenberg-Weg 39,85577,Neubiberg,,,0,89,6004-0,6004-3560,www.unibw.de,1
192,Münster FH,FH Münster University of Applied Sciences,Fachhochschulen / HAW,öffentlich-rechtlich,Nordrhein-Westfalen,15129,1971,Nein,Nein,Pottkamp 17,48149,Münster,3020,48016,Münster,251,83-0,83-64015,www.fh-muenster.de/index.php,1
193,Münster KuAk,"Kunstakademie Münster, Hochschule für Bildende Künste",Kunst- und Musikhochschulen,öffentlich-rechtlich,Nordrhein-Westfalen,351,1971,Ja,Ja,Leonardo-Campus 2,48149,Münster,,,,251,83-61330,83-61430,www.kunstakademie-muenster.de/hochschule/organisation-und-verwaltung,1
194,Münster PhThH,Philosophisch-Theologische Hochschule Münster - Kirchlich und staatlich anerkannte Hochschule in Trägerschaft der PTH Philosophisch-Theologische Hochschule Münster gemeinnützige GmbH,Universitäten,"kirchlich, staatlich anerkannt",Nordrhein-Westfalen,7,1971,Nein,Nein,Kapuzinerstr. 27,48149,Münster,,,,251,48256-0,,www.pth-muenster.de,0
191,Münster U,Westfälische Wilhelms-Universität Münster,Universitäten,öffentlich-rechtlich,Nordrhein-Westfalen,44459,1780,Ja,Ja,Schlossplatz 2,48149,Münster,,,,251,83-0,83-24831,www.uni-muenster.de,1
195,Neubrandenburg H,Hochschule Neubrandenburg - University of Applied Sciences,Fachhochschulen / HAW,öffentlich-rechtlich,Mecklenburg-Vorpommern,2221,1991,Nein,Nein,Brodaer Straße 2,17033,Neubrandenburg,11 01 21,17041,Neubrandenburg,395,5693-0,5693-9999,www.hs-nb.de,1
196,Neuendettelsau KiH,Augustana-Hochschule Neuendettelsau,Universitäten,"kirchlich, staatlich anerkannt",Bayern,133,1947,Ja,Ja,Waldstraße 11,91564,Neuendettelsau,,91564,Neuendettelsau,9874,509-0,509-555,www.augustana.de,1
463,Neuruppin MHB,Medizinische Hochschule Brandenburg Theodor Fontane,Universitäten,"privat, staatlich anerkannt",Brandenburg,524,2014,Nein,Nein,Fehrbelliner Str. 38,16816,Neuruppin,,,,3391,39-14210,39-14209,www.mhb-fontane.de,0
319,Neu-Ulm H,Hochschule für angewandte Wissenschaften Neu-Ulm,Fachhochschulen / HAW,öffentlich-rechtlich,Bayern,4078,1994,Nein,Nein,Wileystraße 1,89231,Neu-Ulm,,,,731,9762-0,9762-2299,www.hnu.de,1
197,Niederrhein H,Hochschule Niederrhein,Fachhochschulen / HAW,öffentlich-rechtlich,Nordrhein-Westfalen,14260,1971,Nein,Nein,Reinarzstraße 49,47805,Krefeld,100762,47707,Krefeld,2151,822-0,822-3998,www.hs-niederrhein.de,1
481,Niedersachsen HRecht (Verw),Norddeutsche Hochschule für Rechtspflege - Niedersachsen,Verwaltungshochschule,öffentlich-rechtlich,Niedersachsen,401,,Nein,Nein,Godehardspl. 6,31134,Hildesheim,,,,5121,1791020,1791040,www.hr-nord.niedersachsen.de/index.php?id=49,0
482,Niedersachsen HVerw (Verw),Kommunale Hochschule für Verwaltung in Niedersachsen,Verwaltungshochschule,öffentlich-rechtlich,Niedersachsen,1518,2007,Nein,Nein,Wielandstraße 8,30169,Hannover,,,,511,16090,15537,www.nsi-hsvn.de/index.php,0
494,Niedersachsen PolAk (Verw),Polizeiakademie Niedersachsen,Verwaltungshochschule,öffentlich-rechtlich,Niedersachsen,,,Nein,Nein,Bürgermeister-Stahn-Wall 9,31582,Nienburg,,,,5021,844-0,,www.pa.polizei-nds.de/startseite/,0
476,Niedersachsen SteuerAk (Verw),Steuerakademie Niedersachsen,Verwaltungshochschule,öffentlich-rechtlich,Niedersachsen,,2006,Nein,Nein,Bahnhofstraße 5,31707,Bad Eilsen,,,,5722,994-0,994-199,www.steuerakademie.niedersachsen.de/startseite/,0
315,Nordhausen H,Hochschule Nordhausen,Fachhochschulen / HAW,öffentlich-rechtlich,Thüringen,2418,1997,Nein,Nein,Weinberghof 4,99734,Nordhausen,10 07 10,99727,Nordhausen,3631,420-0,420-810,www.hs-nordhausen.de,1
318,Nordhessen FH,DIPLOMA Hochschule - Private Fachhochschule Nordhessen,Fachhochschulen / HAW,"privat, staatlich anerkannt",Hessen,8925,1997,Nein,Nein,Am Hegeberg 2,37242,Bad Sooden-Allendorf,,,,5652,58777-0,58777-29,www.diploma.de,0
505,Nordrhein-Westfalen DHPol (Verw),Deutsche Hochschule der Polizei,Verwaltungshochschule,öffentlich-rechtlich,Nordrhein-Westfalen,461,2008,Ja,Nein,Zum Roten Berge 18,48165,Münster,,,,2501,8060,,www.dhpol.de,0
485,Nordrhein-Westfalen FHRecht (Verw),Fachhochschule für Rechtspflege Nordrhein-Westfalen,Verwaltungshochschule,öffentlich-rechtlich,Nordrhein-Westfalen,754,1976,Nein,Nein,Schleidtalstraße 3,53902,Bad Münstereifel,,,,2253,3180,318146,www.fhr.nrw.de/,0
488,Nordrhein-Westfalen HFinanz (Verw),Hochschule für Finanzen NRW,Verwaltungshochschule,öffentlich-rechtlich,Nordrhein-Westfalen,2824,1976,Nein,Nein,Schloßstraße,59394,Nordkirchen,,,,2596,9330,,www.finanzverwaltung.nrw.de/de/duales-studium-der-hsf-nrw,0
484,Nordrhein-Westfalen HSPV (Verw),Hochschule für Polizei und öffentliche Verwaltung Nordrhein-Westfalen,Verwaltungshochschule,öffentlich-rechtlich,Nordrhein-Westfalen,12117,1976,Nein,Nein,Haidekamp 73,45886,Gelsenkirchen,,,,209,16590,,www.hspv.nrw.de/,0
151,Nordrhein-Westfalen KathH,Katholische Hochschule Nordrhein-Westfalen - Catholic University of Applied Sciences,Fachhochschulen / HAW,"kirchlich, staatlich anerkannt",Nordrhein-Westfalen,5416,1971,Nein,Nein,Wörthstraße 10,50668,Köln,,,,221,7757-601,7757-631,www.katho-nrw.de,1
371,Nordrhein-Westfalen SRH,SRH Hochschule in Nordrhein-Westfalen,Fachhochschulen / HAW,"privat, staatlich anerkannt",Nordrhein-Westfalen,715,2005,Nein,Nein,Platz der Deutschen Einheit 1,59065,Hamm,,59065,Hamm,2381,9291 0,,www.srh-hochschule-nrw.de/?utm_source=wkz-HA91531IM,0
202,Nürnberg AkdBK,Akademie der Bildenden Künste Nürnberg,Kunst- und Musikhochschulen,öffentlich-rechtlich,Bayern,301,1662,Nein,Nein,Bingstraße 60,90480,Nürnberg,,,,911,9404-0,9404-150,www.adbk-nuernberg.de,1
201,Nürnberg EvH,Evangelische Hochschule für angewandte Wissenschaften - Evangelische Fachhochschule Nürnberg,Fachhochschulen / HAW,"kirchlich, staatlich anerkannt",Bayern,1418,1927,Nein,Nein,Bärenschanzstraße 4,90429,Nürnberg,,,,911,27253-6,27253-799,www.evhn.de/,1
321,Nürnberg HfM,Hochschule für Musik Nürnberg,Kunst- und Musikhochschulen,öffentlich-rechtlich,Bayern,444,2008,Ja,Nein,Veilhofstraße 34,90489,Nürnberg,,,,911,21522-102,21522-104,www.hfm-nuernberg.de,1
200,Nürnberg TH,Technische Hochschule Nürnberg Georg Simon Ohm,Fachhochschulen / HAW,öffentlich-rechtlich,Bayern,12821,1823,Nein,Nein,Keßlerplatz 12,90489,Nürnberg,,90121,Nürnberg,911,5880-0,5880-8309,www.th-nuernberg.de/,1
203,Nürtingen-Geislingen H,Hochschule für Wirtschaft und Umwelt Nürtingen-Geislingen,Fachhochschulen / HAW,öffentlich-rechtlich,Baden-Württemberg,5539,1972,Nein,Nein,Neckarsteige 6-10,72622,Nürtingen,,,,7022,201-0,201-303,www.hfwu.de,1
205,Oberursel LuthThH,Lutherische Theologische Hochschule Oberursel,Universitäten,"kirchlich, staatlich anerkannt",Hessen,18,1947,Nein,Nein,Altkönigstraße 150,61440,Oberursel,,,,6171,91270,912770,www.lthh-oberursel.de,1
207,Offenbach HfGest,Hochschule für Gestaltung Offenbach,Kunst- und Musikhochschulen,öffentlich-rechtlich,Hessen,801,1970,Ja,Nein,Schloßstraße 31,63065,Offenbach,,63065,Offenbach,69,80059-0,80059-109,www.hfg-offenbach.de,1
208,Offenburg H,"Hochschule für Technik, Wirtschaft und Medien Offenburg",Fachhochschulen / HAW,öffentlich-rechtlich,Baden-Württemberg,4346,1971,Nein,Nein,Badstraße 24,77652,Offenburg,,,,781,205-0,205-214,www.hs-offenburg.de,1
209,Oldenburg U,Carl von Ossietzky Universität Oldenburg,Universitäten,öffentlich-rechtlich,Niedersachsen,15935,1973,Ja,Ja,Ammerländer Heerstraße 114-118,26129,Oldenburg,,26111,Oldenburg,441,798-0,798-3000,www.uni-oldenburg.de,1
214,Osnabrück H,Hochschule Osnabrück,Fachhochschulen / HAW,öffentlich-rechtlich,Niedersachsen,14187,1971,Nein,Nein,Albrechtstraße 30,49076,Osnabrück,1940,49009,Osnabrück,541,969-2104,969-2066,www.hs-osnabrueck.de,1
211,Osnabrück U,Universität Osnabrück,Universitäten,öffentlich-rechtlich,Niedersachsen,13995,1973,Ja,Ja,Neuer Graben/Schloss,49074,Osnabrück,,49069,Osnabrück,541,969-0,969-14111,www.uni-osnabrueck.de,1
36,Ostfalia H,"Hochschule Braunschweig/Wolfenbüttel, Ostfalia Hochschule für angewandte Wissenschaften",Fachhochschulen / HAW,öffentlich-rechtlich,Niedersachsen,12420,1971,Nein,Nein,Salzdahlumer Straße 46/48,38302,Wolfenbüttel,,,,5331,939-0,939-14624,www.ostfalia.de,1
165,Ostwestfalen-Lippe TH,Technische Hochschule Ostwestfalen-Lippe,Fachhochschulen / HAW,öffentlich-rechtlich,Nordrhein-Westfalen,6620,1971,Nein,Nein,Campusallee 12,32657,Lemgo,,,,5261,702-0,702-1711,www.th-owl.de,1
213,Ottersberg H,"Hochschule für Künste im Sozialen, Ottersberg",Fachhochschulen / HAW,"privat, staatlich anerkannt",Niedersachsen,326,1967,Nein,Nein,Am Wiestebruch 68,28870,Ottersberg,1251,28870,Ottersberg,4205,3949-0,3949-79,www.hks-ottersberg.de,0
216,Paderborn FHDW,Fachhochschule der Wirtschaft,Fachhochschulen / HAW,"privat, staatlich anerkannt",Nordrhein-Westfalen,2084,1993,Nein,Nein,Fürstenallee 5,33102,Paderborn,,,,5251,301-02,301-188,www.fhdw.de/,0
217,Paderborn ThFak,Theologische Fakultät Paderborn,Universitäten,"kirchlich, staatlich anerkannt",Nordrhein-Westfalen,92,1614,Ja,Ja,Kamp 6,33098,Paderborn,,,,5251,121-701,121-700,www.thf-paderborn.de/,1
215,Paderborn U,Universität Paderborn,Universitäten,öffentlich-rechtlich,Nordrhein-Westfalen,19984,1972,Ja,Ja,Warburger Straße 100,33098,Paderborn,,33095,Paderborn,5251,60-0,60-2519,www.uni-paderborn.de,1
218,Passau U,Universität Passau,Universitäten,öffentlich-rechtlich,Bayern,12624,1973,Ja,Ja,Innstraße 41,94032,Passau,,94030,Passau,851,509-0,509-1005,www.uni-passau.de,1
219,Pforzheim H,"Hochschule Pforzheim - Gestaltung, Technik, Wirtschaft und Recht",Fachhochschulen / HAW,öffentlich-rechtlich,Baden-Württemberg,5913,1877,Nein,Nein,Tiefenbronner Straße 65,75175,Pforzheim,,,,7231,28-6940,28-6666,www.hs-pforzheim.de/,1
223,Potsdam-Babelsberg FilmU,Filmuniversität Babelsberg Konrad Wolf,Kunst- und Musikhochschulen,öffentlich-rechtlich,Brandenburg,904,1954,Ja,Nein,Marlene-Dietrich-Allee 11,14482,Potsdam,90 01 31,14437,Potsdam,331,6202-0,6202-549,www.filmuniversitaet.de,1
486,Potsdam CHP,Fachhochschule Clara Hoffbauer Potsdam - University of Applied Sciences,Fachhochschulen / HAW,"privat, staatlich anerkannt",Brandenburg,243,2016,Nein,Nein,Hermannswerder 7,14473,Potsdam,,,,331,2313 439,2313 438,www.fhchp.de/,0
222,Potsdam FH,Fachhochschule Potsdam,Fachhochschulen / HAW,öffentlich-rechtlich,Brandenburg,3593,1991,Nein,Nein,Kiepenheuerallee 5,14469,Potsdam,,,,331,580-00,580-2999,www.fh-potsdam.de,1
443,Potsdam FHSport,Fachhochschule für Sport und Management Potsdam,Fachhochschulen / HAW,"privat, staatlich anerkannt",Brandenburg,334,2009,Nein,Nein,Am Luftschiffhafen 1,14471,Potsdam,,,,331,90 75 71 05,90 75 77 78,www.fhsmp.de,0
518,Potsdam GISMA,GISMA Business School,Fachhochschulen / HAW,"privat, staatlich anerkannt",Brandenburg,,2020,Nein,Nein,Konrad-Zuse-Ring 11,14469,Potsdam,,,,331,236 17440,,www.gisma.com,0
517,Potsdam HMU,Health and Medical University Potsdam,Hochschulen eigenen Typs,"privat, staatlich anerkannt",Brandenburg,,2019,Nein,Nein,Olympischer Weg 1,14471,Potsdam,,,,331,74 51 13 00,74 51 13 131,www.health-and-medical-university.de,0
221,Potsdam U,Universität Potsdam,Universitäten,öffentlich-rechtlich,Brandenburg,22009,1991,Ja,Ja,Am Neuen Palais 10,14469,Potsdam,,,,331,977-0,972163,www.uni-potsdam.de,1
335,Potsdam UE,University of Europe for Applied Sciences,Fachhochschulen / HAW,"privat, staatlich anerkannt",Brandenburg,2996,2000,Nein,Nein,Konrad-Zuse-Ring 11,14469,Potsdam,,,,30,338539710,,www.ue-germany.com/,0
515,Potsdam XU,XU Exponential University of Applied Sciences,Fachhochschulen / HAW,"privat, staatlich anerkannt",Brandenburg,135,2018,Nein,Nein,August-Bebel-Straße 26-53,14482,Potsdam,,,,30,959999991,959999994,xu-university.com,0
224,Ravensburg-Weingarten H,Hochschule Ravensburg-Weingarten,Fachhochschulen / HAW,öffentlich-rechtlich,Baden-Württemberg,3784,1964,Nein,Nein,Doggenriedstraße,88250,Weingarten,30 22,88216,Ravensburg,751,501-0,501-9876,www.rwu.de,1
346,Regensburg HfKiM,Hochschule für Katholische Kirchenmusik und Musikpädagogik,Kunst- und Musikhochschulen,"kirchlich, staatlich anerkannt",Bayern,108,2001,Nein,Nein,Andreasstraße 9,93059,Regensburg,,,,941,83009-0,83009-46,www.hfkm-regensburg.de,0
226,Regensburg OTH,Ostbayerische Technische Hochschule Regensburg,Fachhochschulen / HAW,öffentlich-rechtlich,Bayern,11003,1971,Nein,Nein,Prüfeninger Straße 58,93049,Regensburg,12 03 27,93025,Regensburg,941,943-02,943-1422,www.oth-regensburg.de,1
225,Regensburg U,Universität Regensburg,Universitäten,öffentlich-rechtlich,Bayern,20939,1962,Ja,Ja,Universitätsstraße 31,93053,Regensburg,,93040,Regensburg,941,943-01,943-2305,www.uni-regensburg.de,1
227,Reutlingen HTWID,"Hochschule Reutlingen, Hochschule für Technik- Wirtschaft-Informatik-Design",Fachhochschulen / HAW,öffentlich-rechtlich,Baden-Württemberg,5229,1855,Nein,Nein,Alteburgstraße 150,72762,Reutlingen,,,,7121,271-0,271-1101,www.reutlingen-university.de/,1
360,Reutlingen ThH,Theologische Hochschule Reutlingen - staatlich anerkannte Fachhochschule der Evangelisch-methodistischen Kirche,Fachhochschulen / HAW,"kirchlich, staatlich anerkannt",Baden-Württemberg,68,1877,Nein,Nein,Friedrich-Ebert-Straße 31,72762,Reutlingen,,,,7121,9259-0,9259-14,www.th-reutlingen.de,0
489,Rheinland-Pfalz HFinanz (Verw),Hochschule für Finanzen Rheinland-Pfalz,Verwaltungshochschule,öffentlich-rechtlich,Rheinland-Pfalz,731,,Nein,Nein,Luitpoldstraße 33,67480,Edenkoben,,,,6323,9489-0,9489-38000,www.landesfinanzschule-edenkoben.fin-rlp.de/hochschule,0
490,Rheinland-Pfalz HPol (Verw),Hochschule der Polizei Rheinland-Pfalz,Verwaltungshochschule,öffentlich-rechtlich,Rheinland-Pfalz,1598,,Nein,Nein,Hunsrück Drive,55491,Büchenbeuren,,,,6543,985116,985100,www.polizei.rlp.de/de/die-polizei/dienststellen/hochschule-der-polizei-rheinland-pfalz/,0
495,Rheinland-Pfalz HVerw (Verw),Hochschule für öffentliche Verwaltung Rheinland-Pfalz,Verwaltungshochschule,öffentlich-rechtlich,Rheinland-Pfalz,897,1981,Nein,Nein,St.-Veit-Straße 26-28,56727,Mayen,,,,2651,9830,,www.hoev-rlp.de,0
270,RheinMain H,Hochschule RheinMain,Fachhochschulen / HAW,öffentlich-rechtlich,Hessen,13752,1971,Ja,Nein,Kurt-Schumacher-Ring 18,65197,Wiesbaden,3251,65022,Wiesbaden,611,9495-01,,www.hs-rm.de/de/,1
400,Rhein-Waal H,Hochschule Rhein-Waal - University of Applied Sciences,Fachhochschulen / HAW,öffentlich-rechtlich,Nordrhein-Westfalen,7011,2009,Nein,Nein,Marie-Curie-Str. 1,47533,Kleve,,,,2821,80673-0,80673-160,www.hochschule-rhein-waal.de/,1
313,Riedlingen SRH,SRH Fernhochschule - The Mobile University,Fachhochschulen / HAW,"privat, staatlich anerkannt",Baden-Württemberg,6321,1996,Nein,Nein,Kirchstraße 26,88499,Riedlingen,,88499,Riedlingen,7371,9315-0,9315-115,www.mobile-university.de,0
232,Rosenheim TH,Technische Hochschule Rosenheim,Fachhochschulen / HAW,öffentlich-rechtlich,Bayern,6339,1971,Nein,Nein,Hochschulstraße 1,83024,Rosenheim,,,,8031,805-0,805-2105,www.th-rosenheim.de/,1
234,Rostock HMT,Hochschule für Musik und Theater Rostock,Kunst- und Musikhochschulen,öffentlich-rechtlich,Mecklenburg-Vorpommern,530,1994,Ja,Ja,Beim St.-Katharinenstift 8,18055,Rostock,,,,381,5108-0,5108-101,www.hmt-rostock.de,1
233,Rostock U,Universität Rostock,Universitäten,öffentlich-rechtlich,Mecklenburg-Vorpommern,12879,1419,Ja,Ja,Universitätsplatz 1,18055,Rostock,,18051,Rostock,381,498-0,498-1107,www.uni-rostock.de,1
300,Rottenburg H,Hochschule für Forstwirtschaft Rottenburg,Fachhochschulen / HAW,öffentlich-rechtlich,Baden-Württemberg,951,1954,Nein,Nein,Schadenweilerhof,72108,Rottenburg,,,,7472,951-0,951-200,www.hs-rottenburg.net,1
325,Rottenburg HfKiM,Hochschule für Kirchenmusik der Diözese Rottenburg-Stuttgart,Kunst- und Musikhochschulen,"kirchlich, staatlich anerkannt",Baden-Württemberg,28,1949,Nein,Nein,St.-Meinrad-Weg 6,72108,Rottenburg,,,,7472,169-821,169-829,www.kirchenmusik-hochschule.org,0
409,Ruhr West H,Hochschule Ruhr West- University of Applied Sciences,Fachhochschulen / HAW,öffentlich-rechtlich,Nordrhein-Westfalen,6608,2009,Nein,Nein,Duisburger Straße 100,45479,Mülheim,100755,45407,Mülheim,208,882 54 -0,882 54 -109,www.hochschule-ruhr-west.de,1
391,Saarbrücken DHfPG,Deutsche Hochschule für Prävention und Gesundheitsmanagement GmbH,Fachhochschulen / HAW,"privat, staatlich anerkannt",Saarland,7911,2001,Nein,Nein,Hermann Neuberger Sportschule 3,66123,Saarbrücken,,,,681,6855-150,6855-190,www.dhfpg.de,0
240,Saarbrücken HfM,Hochschule für Musik Saar,Kunst- und Musikhochschulen,öffentlich-rechtlich,Saarland,489,1947,Ja,Nein,Bismarckstraße 1,66111,Saarbrücken,,,,681,96731-0,96731-30,www.hfm.saarland.de,1
236,Saarbrücken HTW,Hochschule für Technik und Wirtschaft des Saarlandes,Fachhochschulen / HAW,öffentlich-rechtlich,Saarland,6026,1971,Nein,Nein,Goebenstraße 40,66117,Saarbrücken,650134,66140,Saarbrücken,681,5867-0,5867-122,www.htwsaar.de,1
235,Saarbrücken U,Universität des Saarlandes,Universitäten,öffentlich-rechtlich,Saarland,16508,1948,Ja,Ja,Campus,66123,Saarbrücken,151150,66041,Saarbrücken,681,302-0,302-2609,www.uni-saarland.de,1
239,Saar HBK,Hochschule der Bildenden Künste Saar,Kunst- und Musikhochschulen,öffentlich-rechtlich,Saarland,463,1989,Ja,Nein,Keplerstraße 3-5,66117,Saarbrücken,,,,681,92652-0,92652-149,www.hbksaar.de,1
501,Saarland FHVerw (Verw),Fachhochschule der Verwaltung des Saarlandes,Verwaltungshochschule,öffentlich-rechtlich,Saarland,761,1980,Nein,Nein,Am Campus 7,66287,Quierschied,,,,681,5017640,5017632,www.saarland.de/fhsv/DE/home/home_node.html,0
492,Sachsen-Anhalt FHPol (Verw),Fachhochschule Polizei Sachsen-Anhalt,Verwaltungshochschule,öffentlich-rechtlich,Sachsen-Anhalt,779,1997,Nein,Nein,Schmidtmannstraße 86,6449,Aschersleben,,,,3473,960-171,,www.fh-polizei.sachsen-anhalt.de,0
493,Sachsen HPol (Verw),Hochschule der Sächsischen Polizei (FH),Verwaltungshochschule,öffentlich-rechtlich,Sachsen,599,1994,Nein,Nein,Friedensstraße 120,2929,Rothenburg,,,,35891,460,462111,www.polizei.sachsen.de/de/polfh.htm,0
498,Sachsen HVerw (VerwH),"Hochschule für öffentliche Verwaltung und Rechtspflege (FH), Fortbildungszentrum des Freistaates Sachsen",Verwaltungshochschule,öffentlich-rechtlich,Sachsen,1017,1992,Nein,Nein,Herbert-Böhme-Straße 11,1662,Meißen,,,,3521,4730,473100,www.hsf.sachsen.de/,0
241,Sankt Augustin PhThH,"Philosophisch-Theologische Hochschule SVD Sankt Augustin, Theologische Fakultät",Universitäten,"kirchlich, staatlich anerkannt",Nordrhein-Westfalen,65,,Ja,Nein,Arnold-Janssen-Straße 30,53757,Sankt Augustin,,,,2241,237-222,237-204,www.khkt.de,0
507,Schleswig-Holstein DHSH,Duale Hochschule Schleswig-Holstein - staatlich anerkannte Hochschule für angewandte Wissenschaften in Trägerschaft der Wirtschaftsakademie Schleswig-Holstein,Fachhochschulen / HAW,"privat, staatlich anerkannt",Schleswig-Holstein,473,2018,Nein,Nein,Hans-Detlev-Prien-Straße 10,24106,Kiel,,,,431,3016-126,30 16-380,www.dhsh.de,0
497,Schleswig-Holstein FHVD (Verw),Fachhochschule für Verwaltung und Dienstleistung in Schleswig-Holstein,Verwaltungshochschule,öffentlich-rechtlich,Schleswig-Holstein,1681,1975,Nein,Nein,Rehmkamp 10,24161,Altenholz,,,,431,32090,328044,www.fhvd-sh.de,0
242,Schmalkalden H,Hochschule Schmalkalden,Fachhochschulen / HAW,öffentlich-rechtlich,Thüringen,2528,1991,Nein,Nein,Blechhammer,98574,Schmalkalden,100452,98564,Schmalkalden,3683,688-0,688-1999,www.hs-schmalkalden.de,1
244,Schwäbisch Gmünd HGest,Hochschule für Gestaltung Schwäbisch Gmünd,Fachhochschulen / HAW,öffentlich-rechtlich,Baden-Württemberg,697,1909,Nein,Nein,Rektor-Klaus-Str. 100,73525,Schwäbisch Gmünd,1308,73503,Schwäbisch Gmünd,7171,602-600,69259,www.hfg-gmuend.de,1
243,Schwäbisch Gmünd PH,Pädagogische Hochschule Schwäbisch Gmünd,Universitäten,öffentlich-rechtlich,Baden-Württemberg,3067,1962,Ja,Ja,Oberbettringer Str. 200,73525,Schwäbisch Gmünd,,,,7171,983-0,983-212,www.ph-gmuend.de,1
245,Siegen U,Universität Siegen,Universitäten,öffentlich-rechtlich,Nordrhein-Westfalen,18845,1972,Ja,Ja,Adolf-Reichwein-Straße 2,57076,Siegen,,,,271,740-0,740-4911,www.uni-siegen.de,1
246,Speyer DUV,Deutsche Universität für Verwaltungswissenschaften Speyer,Universitäten,öffentlich-rechtlich,Rheinland-Pfalz,295,1947,Ja,Ja,Freiherr-vom-Stein-Straße 2,67346,Speyer,1409,67324,Speyer,6232,654-0,654-208,www.uni-speyer.de,1
247,Stralsund H,Hochschule Stralsund,Fachhochschulen / HAW,öffentlich-rechtlich,Mecklenburg-Vorpommern,2422,1991,Nein,Nein,Zur Schwedenschanze 15,18435,Stralsund,,,,3831,45-6529,45-6640,www.hochschule-stralsund.de,1
156,Stuttgart AKAD,AKAD Hochschule Stuttgart - staatlich anerkannt,Fachhochschulen / HAW,"privat, staatlich anerkannt",Baden-Württemberg,5532,1959,Nein,Nein,Heilbronner Str. 86,70191,Stuttgart,,,,711,81495-400,,www.akad.de/?wkz=7007AA,0
253,Stuttgart AkdBK,Staatliche Akademie der Bildenden Künste Stuttgart,Kunst- und Musikhochschulen,öffentlich-rechtlich,Baden-Württemberg,819,1761,Ja,Ja,Am Weißenhof 1,70191,Stuttgart,,,,711,28440-0,28440-102,www.abk-stuttgart.de,1
398,Stuttgart DH,Duale Hochschule Baden-Württemberg,Hochschulen eigenen Typs,öffentlich-rechtlich,Baden-Württemberg,34188,2009,Nein,Nein,Friedrichstraße 14.,70174,Stuttgart,,,,711,320660-0,320660-66,www.dhbw.de,1
251,Stuttgart H,Hochschule für Technik Stuttgart,Fachhochschulen / HAW,öffentlich-rechtlich,Baden-Württemberg,4052,1832,Nein,Nein,Schellingstraße 24,70174,Stuttgart,101452,70013,Stuttgart,711,8926 2662,8926 2666,www.hft-stuttgart.de,1
250,Stuttgart HdM,Hochschule der Medien Stuttgart,Fachhochschulen / HAW,öffentlich-rechtlich,Baden-Württemberg,5581,1903,Nein,Nein,Nobelstraße 10,70569,Stuttgart,,,,711,8923 10,8923 11,www.hdm-stuttgart.de,1
465,Stuttgart HfK+G,Hochschule für Kommunikation und Gestaltung,Fachhochschulen / HAW,"privat, staatlich anerkannt",Baden-Württemberg,210,2013,Nein,Nein,Kölner Straße 38,70376,Stuttgart,,,,711,5208986-0,5208986-59,www.hfk-bw.de,0
254,Stuttgart HfM,Staatliche Hochschule für Musik und Darstellende Kunst Stuttgart,Kunst- und Musikhochschulen,öffentlich-rechtlich,Baden-Württemberg,875,1857,Ja,Nein,Urbanstraße 25,70182,Stuttgart,,,,711,212-0,212-4639,www.hmdk-stuttgart.de,1
366,Stuttgart MAW,Hochschule Macromedia - staatlich anerkannte Hochschule für angewandte Wissenschaften der Macromedia GmbH mit Sitz in Stuttgart,Fachhochschulen / HAW,"privat, staatlich anerkannt",Baden-Württemberg,4536,2006,Nein,Nein,Naststraße 11/Im Römerkastell,70376,Stuttgart,,,,711,2807380,280738740,www.macromedia-fachhochschule.de/,0
483,Stuttgart MediaAk,media Akademie - Hochschule Stuttgart,Fachhochschulen / HAW,"privat, staatlich anerkannt",Baden-Württemberg,108,2015,Nein,Nein,Tübinger Str. 12-16,70178,Stuttgart,,,,711,925430,92543-25,www.media-hs.de,0
252,Stuttgart MerzAk,"Merz Akademie Hochschule für Gestaltung, Kunst und Medien, Stuttgart - Staatlich anerkannt",Fachhochschulen / HAW,"privat, staatlich anerkannt",Baden-Württemberg,249,1985,Nein,Nein,Teckstraße 58,70190,Stuttgart,,,,711,26866-0,26866-21,www.merz-akademie.de,0
248,Stuttgart U,Universität Stuttgart,Universitäten,öffentlich-rechtlich,Baden-Württemberg,23614,1829,Ja,Ja,Keplerstraße 7,70174,Stuttgart,10 60 37,70049,Stuttgart,711,685-0,685-82271,www.uni-stuttgart.de,1
413,Stuttgart U Waldorf,Freie Hochschule Stuttgart - Seminar für Waldorfpädagogik. Staatlich anerkannte wissenschaftliche Hochschule.,Universitäten,"privat, staatlich anerkannt",Baden-Württemberg,296,1919,Nein,Nein,Haußmannstraße 44a,70188,Stuttgart,,,,711,21094-0,2348913,www.freie-hochschule-stuttgart.de,0
453,Stuttgart VWA,VWA-Hochschule für berufsbegleitendes Studium,Fachhochschulen / HAW,"privat, staatlich anerkannt",Baden-Württemberg,244,2013,Nein,Nein,Wolframstraße 32,70191,Stuttgart,,,Stuttgart,800,215 5 215,,www.vwa-hochschule.de,0
343,Südwestfalen FH,Fachhochschule Südwestfalen,Fachhochschulen / HAW,öffentlich-rechtlich,Nordrhein-Westfalen,11894,2002,Nein,Nein,Baarstraße 6,58636,Iserlohn,2061,58590,Iserlohn,2371,566-538,566-289,www.fh-swf.de,1
496,Thüringen VerwH (Verw),Thüringer Fachhochschule für öffentliche Verwaltung,Verwaltungshochschule,öffentlich-rechtlich,Thüringen,507,1994,Nein,Nein,Bahnhofstraße 12,99867,Gotha,,,,3621,573316 111,573316 190,www.bildungszentrum.thueringen.de/vfhs,0
308,Trier H,Hochschule Trier - Trier University of Applied Sciences,Fachhochschulen / HAW,öffentlich-rechtlich,Rheinland-Pfalz,7003,1971,Nein,Nein,Schneidershof,54293,Trier,1826,54208,Trier,651,8103-0,8103-333,www.hochschule-trier.de/,1
256,Trier ThFak,Theologische Fakultät Trier,Universitäten,"kirchlich, staatlich anerkannt",Rheinland-Pfalz,159,1950,Ja,Ja,Universitätsring 19,54296,Trier,,,,651,201-3520,201-3951,www.theo.uni-trier.de/aktuelles.php,1
255,Trier U,Universität Trier,Universitäten,öffentlich-rechtlich,Rheinland-Pfalz,11941,1970,Ja,Ja,Universitätsring 15,54296,Trier,,,,651,201-2805,,www.uni-trier.de,1
257,Trossingen HfM,Staatliche Hochschule für Musik Trossingen,Kunst- und Musikhochschulen,öffentlich-rechtlich,Baden-Württemberg,419,1944,Ja,Nein,Schultheiß-Koch-Platz 3,78647,Trossingen,,,,7425,9491-0,9491-48,www.hfm-trossingen.de,1
75,Tübingen HfKiM,Hochschule für Kirchenmusik der Evangelischen Landeskirche in Württemberg,Kunst- und Musikhochschulen,"kirchlich, staatlich anerkannt",Baden-Württemberg,23,1945,Nein,Nein,Gartenstraße 12,72074,Tübingen,,,,7071,925-997,925-998,www.kirchenmusikhochschule.de,0
258,Tübingen U,Eberhard Karls Universität Tübingen,Universitäten,öffentlich-rechtlich,Baden-Württemberg,27017,1477,Ja,Ja,Geschwister-Scholl-Platz,72074,Tübingen,,,,7071,29-0,29-5990,www.uni-tuebingen.de,1
260,Ulm TH,Technische Hochschule Ulm,Fachhochschulen / HAW,öffentlich-rechtlich,Baden-Württemberg,3757,1960,Nein,Nein,Prittwitzstraße 10,89075,Ulm,38 60,89028,Ulm,731,50-208,50-28270,www.hs-ulm.de,1
259,Ulm U,Universität Ulm,Universitäten,öffentlich-rechtlich,Baden-Württemberg,10170,1967,Ja,Ja,Albert-Einstein-Allee 11,89081,Ulm,,89069,Ulm,731,50-10,50-22038,www.uni-ulm.de,1
262,Vallendar PTHV,Philosophisch-Theologische Hochschule Vallendar - Kirchlich und staatlich anerkannte wissenschaftliche Hochschule in freier Trägerschaft,Universitäten,"kirchlich, staatlich anerkannt",Rheinland-Pfalz,421,1896,Ja,Ja,Pallottistraße 3,56179,Vallendar,1406,56174,Vallendar,261,64020,6402-300,www.pthv.de,0
261,Vallendar WHU,WHU - Otto Beisheim School of Management,Universitäten,"privat, staatlich anerkannt",Rheinland-Pfalz,1784,1984,Ja,Ja,Burgplatz 2,56179,Vallendar,,,,261,6509-0,6509-509,www.whu.edu,1
320,Vechta/Diepholz HWT,Private Hochschule für Wirtschaft und Technik Vechta/Diepholz,Fachhochschulen / HAW,"privat, staatlich anerkannt",Niedersachsen,583,1998,Nein,Nein,Rombergstraße 40,49377,Vechta,,,,4441,915-0,915-109,www.phwt.de,0
293,Vechta U,Universität Vechta,Universitäten,öffentlich-rechtlich,Niedersachsen,4800,1995,Ja,Ja,Driverstraße 22,49377,Vechta,1553,49364,Vechta,4441,15-0,15-444,www.uni-vechta.de,1
263,Wedel FH,Fachhochschule Wedel,Fachhochschulen / HAW,"privat, staatlich anerkannt",Schleswig-Holstein,1339,1948,Nein,Nein,Feldstraße 143,22880,Wedel,,,,4103,8048-0,8048-39,www.fh-wedel.de,0
264,Weihenstephan-Triesdorf H,Hochschule für angewandte Wissenschaften Weihenstephan-Triesdorf,Fachhochschulen / HAW,öffentlich-rechtlich,Bayern,6122,1971,Nein,Nein,Am Hofgarten 4,85354,Freising,,,,8161,71-0,71-4207,www.hswt.de/,1
267,Weimar HfM,Hochschule für Musik Franz Liszt Weimar,Kunst- und Musikhochschulen,öffentlich-rechtlich,Thüringen,783,1872,Ja,Nein,Platz der Demokratie 2/3,99423,Weimar,2552,99406,Weimar,3643,555-0,555-188,www.hfm-weimar.de,1
266,Weimar U,Bauhaus-Universität Weimar,Universitäten,öffentlich-rechtlich,Thüringen,4065,1860,Ja,Ja,Geschwister-Scholl-Straße 8,99423,Weimar,,99421,Weimar,3643,58-0,58-1120,www.uni-weimar.de/studium,1
268,Weingarten PH,Pädagogische Hochschule Weingarten,Universitäten,öffentlich-rechtlich,Baden-Württemberg,3563,1949,Ja,Ja,Kirchplatz 2,88250,Weingarten,,,,751,501-0,501-8200,www.ph-weingarten.de/die-ph-weingarten/,1
427,Weserbergland H,Hochschule Weserbergland,Fachhochschulen / HAW,"privat, staatlich anerkannt",Niedersachsen,482,2010,Nein,Nein,Am Stockhof 2,31785,Hameln,,31785,Hameln,5151,95590,45271,www.hsw-hameln.de,0
95,Westfälische H,"Westfälische Hochschule Gelsenkirchen, Bocholt, Recklinghausen",Fachhochschulen / HAW,öffentlich-rechtlich,Nordrhein-Westfalen,8691,1992,Nein,Nein,Neidenburger Straße 43,45897,Gelsenkirchen,,45877,Gelsenkirchen,209,9596-0,9596-445,www.w-hs.de,1
269,Westküste FH,"Fachhochschule Westküste, Hochschule für Wirtschaft und Technik",Fachhochschulen / HAW,öffentlich-rechtlich,Schleswig-Holstein,1902,1994,Nein,Nein,Fritz-Thiedemann-Ring 20,25746,Heide,,,,481,8555-0,8555-555,www.fh-westkueste.de,1
206,Wiesbaden EBS,EBS Universität für Wirtschaft und Recht,Universitäten,"privat, staatlich anerkannt",Hessen,1776,1971,Ja,Ja,Gustav-Stresemann-Ring 3,65189,Wiesbaden,,,,611,7102 00,7102 10 00,www.ebs.edu,1
272,Wildau TH,Technische Hochschule Wildau,Fachhochschulen / HAW,öffentlich-rechtlich,Brandenburg,3718,1991,Nein,Nein,Hochschulring 1,15745,Wildau,,,,3375,508-300,500-324,www.th-wildau.de/,1
406,Wilhelmshaven/Oldenburg/Elsfleth H,Jade Hochschule - Wilhelmshaven/Oldenburg/Elsfleth,Fachhochschulen / HAW,öffentlich-rechtlich,Niedersachsen,7068,2009,Nein,Nein,Friedrich-Paffrath-Straße 101,26389,Wilhelmshaven,,,,4421,985-0,985-2304,www.jade-hs.de,1
274,Wismar H,"Hochschule Wismar - University of Applied Sciences: Technology, Business and Design",Fachhochschulen / HAW,öffentlich-rechtlich,Mecklenburg-Vorpommern,8279,1908,Nein,Nein,Philipp-Müller-Straße 14,23966,Wismar,1210,23952,Wismar,3841,753-0,753-7383,www.hs-wismar.de,1
275,Witten/ Herdecke U,Private Universität Witten/Herdecke gGmbH,Universitäten,"privat, staatlich anerkannt",Nordrhein-Westfalen,2739,1982,Ja,Ja,Alfred-Herrhausen-Str. 50,58448,Witten,,,,2302,926 849,926 803,www.uni-wh.de/,1
309,Worms H,"Hochschule Worms, University of Applied Sciences",Fachhochschulen / HAW,öffentlich-rechtlich,Rheinland-Pfalz,3661,1996,Nein,Nein,Erenburgerstr. 19,67549,Worms,,,,6241,509-0,509-281,www.hs-worms.de,1
281,Wuppertal/ Bethel KiH,Kirchliche Hochschule Wuppertal/Bethel (Hochschule für Kirche und Diakonie),Universitäten,"kirchlich, staatlich anerkannt",Nordrhein-Westfalen,214,1935,Ja,Ja,Missionsstraße 9 a/b,42285,Wuppertal,,42285,Wuppertal,202,2820-502,2820-101,www.kiho-wb.de,1
279,Wuppertal U,Bergische Universität Wuppertal,Universitäten,öffentlich-rechtlich,Nordrhein-Westfalen,22760,1972,Ja,Ja,Gaußstraße 20,42119,Wuppertal,,42097,Wuppertal,202,439-0,439-2901,www.uni-wuppertal.de,1
278,Würzburg HfM,Hochschule für Musik Würzburg,Kunst- und Musikhochschulen,öffentlich-rechtlich,Bayern,415,1797,Ja,Nein,Hofstallstraße 6-8,97070,Würzburg,,,,931,32187-0,32187-2800,www.hfm-wuerzburg.de,1
277,Würzburg-Schweinfurt H,Hochschule für angewandte Wissenschaften Würzburg-Schweinfurt (FHWS),Fachhochschulen / HAW,öffentlich-rechtlich,Bayern,8997,1971,Nein,Nein,Münzstraße 12,97070,Würzburg,,,,931,3511-0,3511-6994,www.fhws.de,1
276,Würzburg U,Julius-Maximilians-Universität Würzburg,Universitäten,öffentlich-rechtlich,Bayern,27884,1402,Ja,Ja,Sanderring 2,97070,Würzburg,,,,931,31-83183,31-82600,www.uni-wuerzburg.de,1
282,Zittau/ Görlitz H,Hochschule Zittau/Görlitz,Fachhochschulen / HAW,öffentlich-rechtlich,Sachsen,2782,1992,Nein,Nein,Theodor-Körner-Allee 16,2763,Zittau,1454,2754,Zittau,3583,6120,6123009,www.hszg.de/,1
283,Zwickau H,Westsächsische Hochschule Zwickau,Fachhochschulen / HAW,öffentlich-rechtlich,Sachsen,3267,1897,Nein,Nein,Kornmarkt 1,8056,Zwickau,201037,8012,Zwickau,375,536-0,536-1127,www.fh-zwickau.de,1